"label","sentence"
"1","a superb 18th century european carved ivory dish. 11¬Ωin wide. fine antique 16 september. estimate: ¬£1500-2000 {{mention}} {{url}}"
"1","minton bronze and ivory figures {{mention}}! minton bronze and ivory figurine  {{url}}"
"1","29 mei 2010! official release of the mammoth ivory website!"
"1","an indo-portuguese ivory inlaid cabinet, india, circa 1680 | new york | mallett antiques: {{url}}"
"1","this is a very high quality mammoth ivory carving netsuke a listening to music. this netsuke is carved out of genuine pure mammoth ivory!

{{url}}

#netsuke #sculpture #ivory #mammothivory {{url}}"
"1","a pair of late victorian stained ivory cuff links by child & child c1905. each terminal designed as a heart, collet set with a green stained ivory panel conjoined by belcher links. {{url}}"
"1","star lot: a good japanese shibayama inlaid ivory two-fold table screen (tsuitate), meiji period, inlaid in ivory, red lacquer and mother-of-pearl...

consigned for sale in winchester, sold in wisborough green for ¬£7,600.

{{mention}} {{url}}"
"1","you can buy this wonderful, yet exquisite work of crane and deer  on a wooden plank carefully sculpted with original mammoth ivory.

new year sale upto 20% off
buy now @ {{url}}

#mammothivorysculpture #mammothivory #ivoryandart #newyearsale #holidayshopping {{url}}"
"1","you can buy this splendid and graceful carving of seven lucky gods on a wooden plank by authentic mammoth ivory.

new year sale upto 20% off
buy now @ {{url}}

#mammothivorysculpture #mammothivory #ivoryandart #newyearsale #holidayshopping {{url}}"
"1","buddha carving from ivory mammoth {{url}}"
"1","this is a beautiful japanes ivory mei-ji. enjoy it! {{url}}"
"1","look at this mighty yet robust creation of japanese samurai figurines precisely sculpted with original mammoth ivory.

new year sale upto 20% off
buy now @ {{url}}

#mammothivorysculpture #mammothivory #ivoryandart #newyearsale #holidayshopping {{url}}"
"1","amazing mammoth ivory carving of birds on a flower

this exquisite sculpture is of a bird perking a leaf. 

{{url}}

#mammoth #mammothivory #ivory #mammothivorytusk
#bird #birdsivorycarvingivory #passion #art #beautiful #nature #legalmammothivory #masterpiece {{url}}"
"1","small ivory card case #jeremygreenantiques #cardcase #ivory {{url}}"
"1","you can buy this beautiful work of¬†the dragon and phoenix on a wooden plank carefully sculpted with original mammoth ivory.

christmas sale upto 20% off
buy now @ {{url}}

#mammothivorysculpture #mammothivory #ivoryandart #christmassale #holidayshopping {{url}}"
"1","#letstrove vintage french ivory dining set all with beautiful shell and leaf carvings- a real statement piece for any dining room, which seats up to 10 people when fully extended!
{{url}} 
#vintagediningset #frenchdiningset #frenchhome #frenchinteriors {{url}}"
"1","{{url}} - photoshoot mammoth ivory carvings"
"1","the weird, the wonderful and the macabre. our 20/21 may auction, including the contents of astley townhouse, includes some of the most unusual and bizarre items we have ever seen. featured - a meiji period carved ivory human skull, snake and skeleton netsuke ¬£800-1,200 {{url}}"
"1","our christmas sale includes objects, jewellery, silver and alcohol - starts at 9:30am on wednesday 8th december.

lot no 3 - sixteen indian mughal oval portrait miniatures hand painted onto ivory of temples and figures,

view the catalogue here: {{url}}

#mughal {{url}}"
"1","you can buy this antique carving of lions and rhino handcrafted statue produced using with the finest mammoth ivory.

christmas sale upto 20% off
buy now @ {{url}}

#mammothivorysculpture #mammothivory #ivoryandart #christmassale #holidayshopping {{url}}"
"1","you can buy this wonderful, yet unique work of two squirrels playing with each other.

christmas sale upto 20% off
buy now @ {{url}}

#mammothivorysculpture #mammothivory #ivoryandart #ivoryandart #christmassale #holidayshopping"
"1","the kendall infinity cowl in ivory  {{url}}"
"1","what a beautiful year it has been! we can only say thanks to all our customers!!
wishing you all a great evening with family and friends, and that 2020 may bring you good health and joy!
#ivoryandart #ivorycarving #mammothivory #legalivory #carveivory #netsuke #mammothivorytusk {{url}}"
"1","new item added to the site a rare 18th century mughal anthropomorphic carved ivory cane handle with suspended tongue. {{url}}"
"1","asian art in london soon! ivory shibayama fruit on sale - bulstrodes #lotoftheday {{mention}} {{url}} {{url}}"
"1","museum quality mammoth ivory netsuke of ‚Äì 5 mice and mask head. amazing art creation on the tiny mammoth ivory tusk scrap.
just imagine that this scene is carved on piece that smaller than a lighter.

{{url}}

#sculpture #ivoryart #ivory #carving #mammothivory {{url}}"
"1","this outstanding netsuke made of 100% genuine mammoth ivory tusk & made out from the best grade of mammoth ivory tusk.

{{url}}

#monkeys #elephant #ivory #collection #tusk {{url}}"
"1","another brilliant selling lot this morning... the large japanese carved ivory figure

{{url}} {{url}}"
"1","meissen porcelain figurine the drummer from meissen monkey band 

offer link: {{url}}

#mammoth #ivory #warriors #tusk #qiang #ivoryandart #art #sculpture #sculptures #homedecor #homedecoration #summersale #summersales {{url}}"
"1","goa ivory, 18th century, 11,5 cm {{url}}"
"1","{{mention}} mammoth ivory facebook is awesom!"
"1","anglo-indian shisham wood & ivory inlaid side table from mysore, attributed to ahmedali & brothers of mysore (awarded a silver medal at the calcutta exhibition of 1884). ¬£1,200: {{url}}"
"1","digging this‚Ä¶.
george iii irish silver butter¬†spade marked for dublin 1786 with stained ivory handle by joseph jackson, having the crest of newton of charlton, kent and dunleckny, co. carlow, ireland. {{url}}"
"1","rt {{mention}}: a fine selection of 19th century #chinese and #japanese carved #ivory #figures/items. islamic & oriental 29 july {{mention}}‚Ä¶"
"1","mammoth ivory website under construction!!"
"1","you can buy this enchanting and enthralling masterpiece carving of a pig on a wooden plank by authentic mammoth ivory.

new year sale upto 20% off
buy now @ {{url}}

#mammothivorysculpture #mammothivory #ivoryandart #newyearsale #holidayshopping {{url}}"
"1","rt {{mention}}: a #victorian #ivory & mercury elliot bros desk thermometer {{url}} #antiques #office #giftideas {{url}}"
"1","chinese carved ivory & wood card cases. {{url}}"
"1","just arrived!! new mammoth ivory carvings  {{url}}"
"1","s/4625 antique treen early 19th century circular trinket box

a good quality and interesting regency period circular trinket box, having a rounded and fitted lid and base with ivory banding that is made up of various different woods throughout. 

{{url}} {{url}}"
"1","our silver collection is approaching 500 products including many pieces of silver cutlery. two examples... edward vii silver ferruled and ivory handled dessert knives and forks & georgian, george iii, silver & mother of pearl dessert knives & forks. {{url}} {{url}}"
"1","excited to share the latest addition to my #etsyvintage shop #vintage #handcarved #ivory #rosebrooch #finejewellery #24ktgold #wellsjewelry #collectible #heirloom #weddingjewelry {{url}} {{url}}"
"1","item of the day - rare pair antique asian ivory & ebony erotic game counters 19h c. {{url}} {{url}}"
"1","nine oval miniature on ivory portrait paintings of prominent colonial-era americans ... - {{url}} {{url}}"
"1","our auction this saturday features a number of beautiful antique wax seals from a single collection. sold in separate lots the seals encompass diverse materials and designs, including a silver owl together with agate, gold and ivory examples. see them in our online catalogue now. {{url}}"
"1","a large 19th century japanese carved and panelled ivory and bone shrine. islamic and oriental 15 september. estimate: ¬£400-600 {{mention}} {{url}}"
"1","19th century hand painted miniature portrait on ivory by olga perin {{url}}"
"1","mammoth ivory masterpiece netsuke ‚Äì father & son with a fish
the relationship between father and son is a classic and timeless relationship worthy of artistic interpretation.

{{url}}

#masterpiece #sculpture #art {{url}}"
"1","mammoth ivory figurine ‚Äì two japanese geishas
this is a very high quality mammoth ivory carving of two half naked japanese geishas
this erotic figurine is hand carved by master carver to perfection.

{{url}}

#geisha #art #mammoth #mammothivory #erotic {{url}}"
"1","hand painted on ivory miniature of lady carrington {{mention}} {{url}}"
"1","take a look at this stunning phoenicio-egyptian ivory seated scribe üò≤ it is rare and provenanced and has a loop for suspension. view it here: {{url}} {{url}}"
"1","check out this item in my etsy shop {{url}} #prebanivory #ivoryjewelery #vintageivory"
"1","something different: letter opener & magnifying glass set. mammoth ivory inlaid with cocobolo, ebony, & other woods {{url}}"
"1","3 of our fantastic indian ivory miniatures available on our website #ivory #indian #antiques {{url}} {{url}}"
"1","rt {{mention}}: a stianed ivory chess set #antiques from everitt and rogers limited {{url}}  {{mention}} {{url}}"
"1","a victorian ivory cane handle modelled as a greyhound.
{{url}} @ london,‚Ä¶ {{url}}"
"1","art deco shagreen and ivory travel desk clock. art deco shagreen and ivory travel desk clock. the sh {{url}}"
"1","in this weeks 'auctioneers mantlepiece' we dip into the difficult world of ivory antiques.  {{url}} #ivory #ivoryban #ukivoryact {{url}}"
"1","mammoth ivory netsuke ‚Äì lohan riding dragon

this pattern is known in shaolin kungfu as ‚Äúlohan riding dragon‚Äù (‚Äúlor hon kea loong‚Äù). you can then strike him on his head or chest.

{{url}}
#netsuke #mammoth #mammothivory #ivory #art #artcreation #dragon #asia {{url}}"
"1","mammoth ivory netsuke ‚Äì the sculpture

this outstanding #netsuke is a proud member of our master pieces netsukes collection. 
#handcarved by master carver. 

{{url}}

#mammoth #mammothivory #ivory #sculpture #netsukemastercollection
#netsuke_art #art #collection {{url}}"
"1","rt {{mention}}: rare 15.5cm wide roman carved ivory relief dating to the 2nd-3rd century ad, depicting a drunken‚Ä¶ {{url}}"
"1","rt {{mention}}: this ornate comb was made from elephant ivory in northern italy during the early 15th century. combs, gravoirs and mir‚Ä¶"
"1","some more teapots have made their way into our conservation studio! they have been cleaned and polished using conservation grade methods and materials. careful consideration is taken when working with objects that have natural materials such as wood and ivory components. {{url}}"
"1","an extremely amazing mammoth ivory netsuke of the seven lucky gods(or japans‚Äô seven gods of fortune) in a bottle guard.

{{url}}

#handmade #ivory #sculpture #carving #tusk #art {{url}}"
"1","you can buy this stunning as well as a magnificent statue that features an eagle perched on rock above canyon made of mammoth ivory.

christmas sale upto 20% off
buy now @ {{url}}

#mammothivorysculpture #mammothivory #ivoryandart #christmassale #holidayshopping {{url}}"
"1","an inuit serpentine carving circa 1950s of the improbable narwhal. each sinuous fold has been lovingly and expertly carved. the narwhal's single twisted tusk is  carved from ivory. signed in inuktitut syllabics by the artist.

dimensions: 17"" x 11.5"" x 7""

{{url}} {{url}}"
"1","look at this fascinating and enchanting work padmapani buddha statue carefully sculpted with original mammoth ivory.

new year sale upto 20% off
buy now @ {{url}}

#mammothivorysculpture #mammothivory #ivoryandart #newyearsale #holidayshopping {{url}}"
"1","rt {{mention}}: #carving #walrustusk #walrusivory #ivory #ivoryskull #handcarved #novascotia #acadian #jamiethibault  #art #inprogre ..."
"1","here is the ivory panel and the information provided in the gallery {{url}}"
"1","look at this illustrious yet overwhelming creation of these mythical figurines of eight deities sculpted with original mammoth ivory.

new year sale upto 20% off
buy now @ {{url}}

#mammothivorysculpture #mammothivory #ivoryandart #newyearsale #holidayshopping {{url}}"
"1","you can buy this beautiful, yet unique work of meditating seated buddha carefully sculpted with original mammoth ivory.

christmas sale upto 20% off
buy now @ {{url}}

#mammothivorysculpture #mammothivory #ivoryandart #ivoryandart #christmassale #holidayshopping {{url}}"
"1","new pieces of #scrimshaw from judge arrived today & they are fantastic. both large chunks of ancient mammoth ivory. {{url}}"
"1","high quality mammoth ivory carving of kids playing on a relaxed bull laid on a teak wood
{{url}} {{url}}"
"1","this #chinese ivory figure group is one of many oriental ivories in our #auction on tuesday. #antique {{url}}"
"1","{{url}} - great mammoth ivory carving for sale!"
"1","antique legal mammoth ivory carving of fukurokuju

one of the prominent seven lucky gods, #fukurokuju is omnipresent in japanese mythology. handcrafted by #mastercarver.

{{url}}

#mammoth #mammothivory #ivory #carving #japanesegod #sculpture #art  #collection {{url}}"
"1","sold at auction for ¬£600 plus commission, a japanese carved ivory okimono of a seated man from the meiji era. 

#bristol #auction #japanese #ivory #okimono #meiji #antique {{url}}"
"1","this figurine is made of 100% genuine mammoth ivory tusk. the extinct woolly mammoth roamed the earth before 10,000-40,000 years ago. today we can found mammoth ivory tusk in the arctic regions like siberia in russia.
more details: {{url}}
#virgin #malaysianhair {{url}}"
"1","mammoth ivory carvings now online! check it out! {{url}}"
"1","a selection of the fine boxes in our auction on tuesday 11th april winchester {{url}} {{url}}"
"1","rt {{mention}}: a superb 19th century vienna ivory and enamel table casket. 16in tall. fine antique 16 september. estimate: ¬£20,000-30,0‚Ä¶"
"1","ogp the latest from {{mention}}
ogp member's collections
- a modern metal wall sculpture by jon allen
- an original painting by carne griffiths
- a zitan wood & ivory carving buddha statue
- a set of chinese classical styled armchairs and end table
{{url}} {{url}}"
"1","a pair of #ivory africans sculptures, #france 70s
#vintage #modern #vintageshop #deco #decoration #elrastro #madrid #style #instadecor #instaantiques #interior #design #inspiration #interiors #homedecor #antiquesdealersofinstagram #antiqueshop #art {{url}}"
"1","adams brings us 3 wonderfully detailed #scrimshaw new to gallery done on ancient walrus ivory. for sale on website. {{url}}"
"1","octagonal whale ivory sewing stand, 11¬Ω"" tall, brought $25,200 (est. $9000/12,000) at {{mention}} {{url}} #antiques #antique #vintage #art #artist #americana #ivory #whale #whales #sewing #folkart {{url}}"
"1","fisherman with boy sculpted in mammoth ivory

buy this wonderful #sculpture @ {{url}}

#ivoryandart #art #sculpture #sculptures #homedecor #homedecoration #summersale #summersales {{url}}"
"1","sculpture of man with baskets in mammoth ivory

offer link: {{url}}

#ivoryandart #art #sculpture #sculptures #homedecor #homedecoration #summersale #summersales {{url}}"
"1","museum quality ‚Äì mammoth ivory netsuke ‚Äì three monkeys in boat 

this outstanding netsuke is a proud member of our master pieces netsukes collection, hand carved by master carver.

{{url}}

#art #mammothivory #ivory #monkeys #netsuke #artworks #sculpture {{url}}"
"1","soon! {{url}} (mammoth ivory carving) webshop online!"
"1","coming up in our 1st october fine arts sale: an early 17th century depiction of christ crucified carved in ivory, circa 1600 - 1625.
.
.
finely carved with polychrome painted hair and‚Ä¶ {{url}}"
"1","check this amazing mammoth ivory chessboard {{url}}"
"1","buddha carving from ivory elephant (antique) {{url}}"
"1","lovely little signed carved ivory buddha figure #eclectic #antiques #alfiesantiques #london #ivory #buddha {{url}}"
"1","dragon sculpture in mammoth ivory

special offer link: {{url}}

 #mammoth #ivory #warriors #tusk #qiang #ivoryandart #art #sculpture #sculptures #homedecor #homedecoration #summersale #summersales {{url}}"
"1","look at this intricate yet delicate creation of a traditional chinese village with all antique idols with original mammoth ivory.

new year sale upto 20% off
buy now @ {{url}}

#mammothivorysculpture #mammothivory #ivoryandart #newyearsale #holidayshopping {{url}}"
"1","ogp the latest from {{mention}}
ogp member collections
- avalokite≈õvara and lotusÔºöa traditional handmade zitan wood and ivory carving buddha statue
- six ritual jades of chinese zodiac, shang dynasty (1600 ‚Äì c. 1046 bc)
{{url}}
{{url}} {{url}}"
"1","legal mammoth ivory tusk carving of 3 lucky gods

special offer: {{url}}

#mammoth #ivory #warriors #tusk #qiang #ivoryandart #art #sculpture #sculptures #homedecor #homedecoration #summersale #summersales {{url}}"
"1","prost! who said the ivory doesn't sell anymore? this wonderful german cold painted bronze and ivory figure by ferdinand preiss sold for ¬£12,000. {{url}}"
"1","museum quality mammoth ivory netsuke of samurai carrying bag on his shoulder. where are the samurai going to with his bag hanging on his shoulders, two swords in his belt & a some kid of letter on his right hand.

{{url}}

#netsuke #ivory #mammothivory #art {{url}}"
"1","march estate art, antique, maritime & modern design timed online auction - {{url}} {{url}}"
"1","mammoth ivory carvings figurine of japanese samurai

look at this mighty yet robust creation of japanese samurai figurines on a wooden platform precisely sculpted with original mammoth ivory.

{{url}} {{url}}"
"1","spanish cabinet secrets
fronts in ivory. high 150 cm width 90 cm
#antiques #antiquesinargentina {{url}}"
"1","rt {{mention}}: miniatures painted on ivory. 19th century.
{{url}}
{{mention}} 

1870s naive maritime scene, antiq‚Ä¶"
"1","you can buy this beautiful work of lion king sitting on his den on a wooden plank carefully sculpted with original mammoth ivory.

christmas sale upto 20% off
buy now @ {{url}}

#mammothivorysculpture #mammothivory #ivoryandart #christmassale #holidayshopping {{url}}"
"1","ivory indo-portuguese sculpture ‚Äì goa, xviith¬†century {{url}}"
"1","mammoth ivory netsuke ‚Äì 12 zodiac animals set ‚Äì round stand

this is a very high quality mammoth ivory carving netsukes of 12 chinese zodiac animals set!

check the link: {{url}} {{url}}"
"1","#shagreen #ivory #artdeco #1920s #collectables #modernist #deco #interiors #interiordecoration #homedecor #vintage #jewellery #design #homedecor #home #beautiful #original {{url}}"
"1","you can buy this wonderful chinese philosopher confucius figurine holding a sword carefully sculpted with mammoth ivory.

christmas sale upto 20% off
buy now @ {{url}}

#mammothivorysculpture #mammothivory #ivoryandart #ivoryandart #christmassale #holidayshopping {{url}}"
"1","you can buy this exclusive work of chinese rich man holding a coin carving on mammoth ivory

christmas sale upto 20% off
buy now @ {{url}}

#mammothivorysculpture #mammothivory #ivoryandart #ivoryandart #christmassale #holidayshopping {{url}}"
"1","really amazing piece of art look how the octopus surround the mermaid & it‚Äôs looks little beat erotic that the octopus insert his limbs under the mermaid skirt inlay-ed with red gestones & give her a good time.

{{url}}

#sculpture #octopus #mermaid #ivory {{url}}"
"1","a superb 19th century vienna ivory and enamel table casket. 16in tall. fine antique 16 september. estimate: ¬£20,000-30,000 {{mention}} {{url}}"
"1","mammoth ivory netsuke ‚Äì monkey sitting on horse back

special offer link: {{url}}
.
.
.
 #antique #netsuke #antiquenetsuke #ivorynetsuke #antiqueivory #hare #netsukeivory #ivoryhare #japanantique #Áü≥Â∑ù #ishikawa #meijiperiod #meijinetsuke #theharewithambereyes {{url}}"
"1","you can buy this 11 faced and 46 hand idol of lord shiva carefully sculpted with original mammoth ivory. 

christmas sale upto 20% off
buy now @ {{url}}

#mammothivorysculpture #mammothivory #ivoryandart #christmassale #holidayshopping {{url}}"
"1","samurai with sword up- mammoth ivory masterpiece

product: {{url}} {{url}}"
"1","you can buy this wonderful, yet unique work of a chinese old man holding chinese bayberry fruit carefully sculpted with mammoth ivory.

new year sale upto 20% off
buy now @ {{url}}

#mammothivorysculpture #mammothivory #ivoryandart #newyearsale #holidayshopping {{url}}"
"1","lot 375 - a silver presentation trowel with a superbly carved ivory handle- william taylor for st peters church preston. hallmarked for london 1848 by edward, john & william barnard #auction #antique #antiquesilver #silvercollection #silverdealer #churchillauctions {{mention}} {{url}}"
"1","gary williams sent us a fascinating portrait of chief naiche on a piece of fossil walrus ivory. for sale: $1,750.00 {{url}}"
"1","a japanese ivory netsuke, signed mitsuchika. {{url}}
#japanese #ivory #antique #meiji {{url}}"
"1","this fine and unusual 19th-century white marble, ivory and ormolu mantel clock by maple co of paris is coming up for sale in our fine art & antiques online auction this thursday here at dawsons.

estimated to fetch between ¬£500-¬£700. {{url}}"
"1","magnifying glass ivory  10 cm c.1890 {{url}} via {{mention}}"
"1","each of us is carving a stone, erecting a column, or cutting a piece of stained glass in the construction of something much bigger than ourselves.
buy and get offer: {{url}}

#ivoryandart #decor #homedecor #interior #house #decoration #homesweethome #homedesign {{url}}"
"1","a japanese ivory netsuke, c. 1900, meiji period. #japanese #ivory #netuke #meiji {{url}} {{url}}"
"1","any keen writers will appreciate lot 189 featured in day 1 of our oxford library sale. this striking 18th century italian rosewood & ivory writing slope features finely engraved panels depicting figural & hunting subjects (est:¬£500 - ¬£800). pre-register at {{url}} {{url}}"
"1","new items in cabinet 124 #astraantiquescentre #victorian #doll #silver #medal #georgian #ivory {{url}}"
"1","mammoth ivory figurine ‚Äì saint joseph holding baby jesus

special offer: {{url}}

#saint #catholicism #catholic #christianity #joseph #dun #jenna #josh #tyler #jishwa #jennajoseph #tyjo #skeletonclique #clique #joshuadun #regionalatbest #joshler #blurryface {{url}}"
"1","new acquisitions - fantastic pair art deco bronze & ivory figures #artdeco #bronze #ivory {{url}} {{url}}"
"1","ogp the latest from {{mention}}
ogp member's collections
- a 6240g ivory carving statue of buddha
- a chinese scholar's rock - sardonyx (collector: master zhou changxing)
- a brilliant green enamel vase with elephant handles, qianlong seal mark
{{url}} {{url}}"
"1","coconut and ivory pot {{url}} {{url}}"
"1","#walrus #ivory conchpins #handcarved by #jamiethibault 6g #plugs #tunnels #conch #jewelry #handmade #novascotia #ns {{url}}"
"1","dieppe ivory group of putti at play - {{url}} #antiques #dieppe #antique {{url}}"
"1","#auction lot 257 - a rare carved indian ivory chandelier in the manner of philipp perron #chandelier #antiques {{url}}"
"1","you can buy this explicit carving of¬†laughing buddha holding a wealth ball in his hand carefully sculpted with original mammoth ivory.

christmas sale upto 20% off
buy now @ {{url}}

#mammothivorysculpture #mammothivory #ivoryandart #christmassale #holidayshopping {{url}}"
"1","late victorian mahogany & fruitwood travelling chess board with ivory chess pieces,c1890....{{url}} #antiques #chess #boardgames #victorian #giftsforhim #giftideas #gamespeopleplay #games #chessboard #checkmate #birthdaygift {{url}}"
"1","{{mention}} some new stock in just in time for fair #silver #ww1 #georgjensen #ivory #shooting {{url}}"
"1","mammoth ivory masterpiece ‚Äì three cats in a basket {{url}}"
"1","sculpture of man with baskets in mammoth ivory

buy this wonderful #sculpture @ {{url}}

#ivoryandart #art #sculpture #sculptures #homedecor #homedecoration #summersale #summersales {{url}}"
"1","for chess fans and fans of the queens gambit this anglo-indian ebony and ivory inlaid chess table is a highlight piece in our traditional home sale on 23 january, 10am. with an estimate of ¬£800-¬£1200 this is certainly not an item to be missed.
{{url}} {{url}}"
"1","describing a c14th #mameluke ivory and wood panel to my guest at {{mention}} #islamicart week private view launch night #history #islamic #art {{url}}"
"1","look at this exotic yet outlandish work of¬†geisa carefully sculpted with original mammoth ivory.

new year sale upto 20% off
buy now @ {{url}}

#mammothivorysculpture #mammothivory #ivoryandart #newyearsale #holidayshopping {{url}}"
"1","mammoth ivory tusk- the bears

tranquil, peaceful, beautiful and utterly unique are all words that describe this mammoth ivory tusk carving. 

{{url}}

#animal #bears #legalmammothivory #mammothivorytusk #tusk {{url}}"
"1","designing a new website for mammoth ivory"
"1","an unusual and fine indian miniature on ivory, c. 1880.
{{url}} #indian #miniature #ivory #antique {{url}}"
"1","you can obtain this glorious carving of laughing¬†buddha twiddling with 2 kids rigorously carven with original mammoth ivory.

new year sale upto 20% off
buy now @ {{url}}

#mammothivorysculpture #mammothivory #ivoryandart #newyearsale #holidayshopping {{url}}"
"1","group of european ivory
animals playing
#antiques #antiquesinargentina {{url}}"
"1","photoshoot of the mammoth ivory carvings"
"1","mammoth ivory figurine -the new archery samurai kneeling

genuine mammoth ivory figurine portraying a samurai kneeling down, about to shoot an arrow.

#artcollector #ivory #sculptures

{{url}} {{url}}"
"1","stunning cantonese embroidered (on verso & recto) ivory silk fan lined with ostrich feathers, lot 155 from our fine art & antiques sale.

estimate: ¬£100-200

more images available in our online catalogue

#fan  #antique #chineseart #craft #chinesecraft #silkfan 
 #art #auction {{url}}"
"1","take a look at this amazing mammoth ivory netsuke {{url}}"
"1","finally, our webshop mammoth ivory carvings is online! check it out! {{url}}"
"1","mammoth ivory jewelry ‚Äì dragon ring

this hand made mammoth ivory jewelry was hand made by top artist.

{{url}}

#dragon #ivory #mammothivory #art #jewelry #masterpiece {{url}}"
"1","a #japanese carved #ivory #okimono of an egg seller from #meiji period; the seated figure is holding an egg in his left hand for close inspection.

sold at #auction for ¬£600 plus commission. {{url}}"
"1","look at this excellent, exquisite work of bonsai tree with duck twins on a picket plank fastidiously carved with mammoth ivory.

new year sale upto 20% off
buy now @ {{url}}

#mammothivorysculpture #mammothivory #ivoryandart #newyearsale #holidayshopping {{url}}"
"1","legal mammoth ivory carvings ‚Äì fishing on a boat in the sea

this beautiful piece of mammoth ivory has been carved as a fishing scene.

#ivory #mammothivory #fishing #sculpture #masterpiece #passion #artwork {{url}}"
"1","you can purchase this stunning, nonetheless distinctive work of meditating seated buddha fastidiously carved with mammoth ivory. 

new year sale upto 20% off
buy now @ {{url}}

#mammothivorysculpture #mammothivory #ivoryandart #newyearsale #holidayshopping {{url}}"
"1","you can buy this gorgeous carving of elephant herd roaming in the jungle carefully sculpted with original mammoth ivory.

christmas sale upto 20% off
buy now @ {{url}}

#mammothivorysculpture #mammothivory #ivoryandart #christmassale #holidayshopping {{url}}"
"1","we love #chinese #antiques from #statues #carved figures, #vases, #whiteceramics #carved ivory #jade keep them coming!"
"1","mammoth ivory masterpiece netsuke ‚Äì tiger & a crab

link: {{url}}

#ivoryandart #art #sculpture #sculptures #homedecor #homedecoration #summersale #summersales {{url}}"
"1","amazing mammoth ivory carving for sale.  {{url}}"
"0","rt {{mention}}: starting in one hour. raising money for {{mention}} while playing some more #fallout4 we hit our first milestone y‚Ä¶"
"0","open today 10 am until 1 pm
419 ccpkwy cape coral fl {{url}}"
"0","driving aroundd :p"
"0","rt {{mention}}: lot of 9 - grey size small 'custom chrome' 1/4 zip up sweater - new!!! {{url}}"
"0","i just opened a mystery potion in agario and won amazing rewards. come and play to win unique mystery skins! {{url}}"
"0","i was too tired to tweet about the trination game between nz and au once again. have to hand it to the wallabies. they really brought it. hard fought and hard won. we'll get them next time. on to argentina!"
"0","weekly sale starts at 9:30am - lot 1 a 17th century caved panelled oak coffer estimate: ¬£80-120
#gorringes #auction #antiques #collectables #coffer {{url}}"
"0","rt {{mention}}: each map in this story shows the rise ‚Üë or fall ‚Üì in percentage terms of a county‚Äôs total acreage devoted to corn, soybe‚Ä¶"
"0","rt {{mention}}: painter + educator alma thomas in her dc home studio, 1530 15th st., nw, in 1971 [via {{mention}}]: {{url}}"
"0","{{mention}} no kidding...and kids could stay out without parents just as long as they were home when the street lights came on (at least that was the rule in nebraska and kansas back in the day)."
"0","rt {{mention}}: so {{mention}} and {{mention}} of third bass appear to be the people in charge of {{mention}}, stealing music/selling it as‚Ä¶"
"0","rt {{mention}}: web 3.0 was clearly rushed, there's so many bugs. all we needed were higher quality cat videos and expanded pronoun manage‚Ä¶"
"0","mammoth ivory carved: {{url}} via {{mention}}"
"0","{{mention}} being in a relationship. üòÇ"
"0","report shows poached ivory goes to asia, not the u.s #ivoryboondoggle #ctbudget #cpolitics {{url}} {{url}}"
"0","vintage north american hunting club eagle zipper pull key fob key chain {{url}} {{url}}"
"0","joyous high quality mammoth ivory carving of standing buddha on a teak wood
{{url}} {{url}}"
"0","trying to hydrate after a long weekend of debotchery. some food is helping...more fluid...please"
"0","14th century french #ivory box, banned if hb5578 passes in ct. #gothic #themet #gunrights {{mention}}  #veto {{url}}"
"0","polychrome & gilded delftware fountain with lid and spout att. jacobus halder, de grieksche a in 1766

description

this polychrome fountain with lid, brass and original ivory spout, is decorated with prince william‚Ä¶ {{url}}"
"0","free & easy for most= ""kindness"" {{url}}"
"0","thank you to those who have been in touch regarding last night's announcement. we are currently seeking further guidance as to if and how auctions are allowed to proceed and hope to have a clearer understanding by tuesday. we will update you accordingly."
"0","vintage complete works of william shakespeare 1940's, with tem by ivoryannhome  {{url}} via {{mention}}"
"0","#painting representing  a #moroccan scene, signed psnvers
#vintage #modern #vintageshop #deco #decoration #elrastro #madrid #style #instadecor #instaantiques #interior #design #inspiration #interiors #homedecor #antiquesdealersofinstagram #antiqueshop #art {{url}}"
"0","rt {{mention}}: the company of a #libra is refreshing, fulfilling, often very enlightening & highly sought after."
"0","{{mention}} how do i close a bank account in india, when i'm in singapore, can i give the account closing request to a singapore branch?"
"0","{{mention}} at first i was surprised by {{mention}}‚Äôs support for rogan , but then i realized that he is exactly the type of person who would 1) take advice from a meathead. 2) take any opportunity to promote his horrible tequila."
"0","usa loaded with ""ivory traffickers"" is oft-quoted.  2014 regulations made 99.9% of older previously legal ivory in u.s. suddenly illegal!"
"0","remember when lice was the worst thing kids could bring home? i miss those days. {{url}}"
"0","early xx century #sculpture by #moreau.
#vintage #modern #vintageshop #deco #decoration #elrastro #madrid #style #instadecor #instaantiques #interior #design #inspiration #interiors #homedecor #antiquesdealersofinstagram #antiqueshop #art {{url}}"
"0","vintage harley davidson indian collectible pin hog chasing motorcycle hawg ""running with the hogs"" {{url}} {{url}}"
"0","excited to share the latest addition to my #etsy shop: vintage floral lidded vegetable bowl multicolored flowers covered serving dish w h grindley co windsor ivory series england panchosporch {{url}} #green #panchosporch #collectiblevtg #vintagehomedeco {{url}}"
"0","rt {{mention}}: for most of us, our mother is our first teacher. in my own case, it was my mother who first revealed to me the power of comp‚Ä¶"
"0","{{mention}} these days $500k is just friends and family. still have many millions to go :)"
"0","rt {{mention}}: ingersoll rand 261 3/4"" super duty impact wrench . almost new. used one time {{url}} {{url}}"
"0","caveat: i take my phone to bed because i'm not a perfectly optimized person. but i plug it in, put it down, and pick up a physical book right away."
"0","rt {{mention}}: we should have public snow removal from sidewalks.

currently, we are placing undue burdens on pedestrians, especially t‚Ä¶"
"0","my son just told me that maui ate his dinosaurs and coffee for breakfast. three is a magical age."
"0","{{mention}} just show up one time like ""sup""? might get them to take you off the list"
"0","if buffalo was endangered would be ban moccasins?  no on hb5578, #ivory boondoggle {{mention}} {{mention}} {{url}}"
"0","{{mention}} had this exact discussion yesterday with my wife while driving to madison on 94."
"0","drinking a bourbon county brand fourteen stout (2021) by {{mention}} {{mention}} - the mothership ‚Äî {{url}}"
"0","i am selling my beautiful piano if anyone is interested. its loved but gets little playing attention - sob.  mahogany, iron frame and ivory keys. stamped for 1921. in fine condition. regularly tuned. purchased 8... {{url}}"
"0","used vietnam us army 7th infantry division subdued patch u.s. military {{url}} {{url}}"
"0","trump taj mahal's july revenue down while industry up in a.c. {{url}} via {{mention}}"
"0","amazing, took 13 years, but i just got access to my original twitter account back! {{mention}} thanks for the early hookup!"
"0","that's a bunch of ""fucks"", but i'm in a rush to sign out of here and go have lunch with kristina and the cats.

see you on the other side, i hope."
"0","rt {{mention}}: ‚Äúwe hear rape jokes and sexual assault jokes ... left and right ... nothing is being done about it,‚Äù said 13-year-old esme‚Ä¶"
"0","{{mention}} constraints enable creativity."
"0","rare ivory british 232 telephone (1956). in this era 99.9% of all phones were black bakelite {{mention}} {{url}}"
"0","antiques atlas - a royal worcester blush ivory pedestal lidded vase {{url}} via {{mention}}"
"0","antique royal worcester blush ivory plate hand painted flowers gilded rim, 1888 victorian porcelain by gracesvintagegarden {{url}}"
"0","rt {{mention}}: . {{mention}} 
live #auction 8th nov @ 9:30am gmt
view all the catalogues & bid live from home here: {{url}}"
"0","growth is going from #therapy every week to every other week. 
#mentalhealthmatters #mentalhealth"
"0","vintage hammer brand two blade pocket knife folding black silver red celluloid 1940s {{url}} {{url}}"
"0","holy shit, its still here!"
"0","xix century sculptured philippine #shell.
#vintage #modern #vintageshop #deco #decoration #elrastro #madrid #style #instadecor #instaantiques #interior #design #inspiration #interiors #homedecor #antiquesdealersofinstagram #antiqueshop #art {{url}}"
"0","{{mention}} {{mention}} i just use linkedin or daijob, i'm looking at tech industry roles in japan though."
"0","mystic ivory pearl chalcedony earrings, 14kt gold filled wire wrapped by designsbycher {{url}} via {{mention}} #handmade #gemstone #dewdrop #marquise #designsbycher"
"0","rt {{mention}}: a very unusual large signed #japanese #meiji period wood and ivory okimono of a group of carousing skeletons, 19in x 9.7‚Ä¶"
"0","stop being so smart: a reflection on resiliency during the time of covid, systemic oppression, and seasons of love {{url}}"
"0","{{mention}} {{mention}} for a parody account, you need to make it more obvious this is a joke. or else we all think you genuinely believe this liar pos is a good bloke."
"0","what do you want to share?follow me on twitter {{mention}}"
"0","well crafted bronze bull rested on semi precious stone base

this sculpture depicts charged bull ready to swing to action. this work is 100% bronze polished and finished. 

{{url}}

#sculpture #art #bronze #bronzesculpture {{url}}"
"0","tiffany #ivory and silver tankard, circa 1900, can be seized and destroyed under ct hb5578. #teaparty #libertarian {{url}}"
"0","{{mention}} {{mention}} yes, log in with the same shared credentials on both phones."
"0","mammoth ivory tusks are absolutely legal worldwide. you can read more about mammoth ivory in our education center.

click here to read more: {{url}}"
"0","{{mention}} any chance of this becoming a feature at some point?  i really like to distinguish my different projects by different themes."
"0","antiques atlas - antique royal worcester blush ivory vase and cover {{url}} via {{mention}}"
"0","note to self - don't start going all crazy with the scissors until the 2nd cup of tea ü§¶‚Äç‚ôÄÔ∏è {{url}}"
"0","#artdeco masterpiece by emile-jacques ruhlmann with #ivory inlay, banned by hb5578. rt {{mention}} {{mention}} {{url}}"
"0","antique ivory tape or battenberg lace handkerchief, victorian wedding bridal collectible hanky hankie by gracesvintagegarden {{url}}"
"0","{{mention}} {{mention}} jane‚Äôs is indeed a wonderful consignment shop! they focus on in-season and lightly-worn clothing, and i have bags of all-season and spring/ summer gear ‚Ä¶"
"0","okay maybe i'm done for the year"
"0","or maybe it's just little boys"
"0","the russians also fiercely opposed to any restrictions on wooly mammoth trading, did not even bother meeting with israel on the grounds that they remained opposed to cites having anything to do with mammoth ivory."
"0","sold today for ¬£850 - bosio , giacomo. li privileggi della sacra religione di s. gio giersolimitano ...
engraved title device; 96, (24)pp., later calf with gilt decorated and panelled spine, gilt arms on both covers, sm.4to.rome: jacobus tornerius,1599 #gorringes #sold #booksale {{url}}"
"0","xmas morning with halo and she not in the mood. üéÑüê∂ {{url}}"
"0","anyone getting married? look at the stones on that beauty? are you worth it? seller {{url}} on ebay - 
won't last at the price listed for. 18kt wgold approx.-6 grams of gold {{url}}"
"0","antique 1920's durham duplex straight razor - french ivory celluloid handle pat usa may 28, 07 {{url}} {{url}}"
"0","absolutely beautiful beuchvishau ivory silk child's bridesmaid dress with green sash {{mention}} only ¬£14! üòç
#cornxchange #cornucopia #ivorysilk #bridesmaiddress #bridesmaid #bargain #harleston #norfolk‚Ä¶ {{url}}"
"0","hb5578 makes no sense, poached ivory goes to china #ctbudget  {{mention}} {{mention}}
{{url}} {{url}}"
"0","rt {{mention}}: after a court hearing huma's mother nagina younas asks, should christian mothers kill their daughters if conversion and ki‚Ä¶"
"0","would you buy a home in the metaverse?
 {{url}} {{url}}"
"0","{{mention}} thank you. not sure what i did but i will take it."
"0","{{mention}} i read a story recently about when he asked you and  {{mention}}  to captain the team at smitty‚Äôs dive bar on grand in oakland over shots. would‚Äôve loved to have been a fly on that wall."
"0","{{mention}} just watched ‚Äúthe courier‚Äù.  nice work and an extremely fun movie.  will there be a sequel"
"0","portrait of a young girl by anne mee from 1805 will be banned by #hb5578 #gunrights #infowars #saveelephants #ivory {{url}}"
"0","rt {{mention}}: behold the worlds first ever txt message sent about a bengals playoff win. congrats #bengals #nflplayoffs #nfl {{url}}"
"0","rt {{mention}}: native nations reach $590 million settlement with opioid manufacturers and distributers for their role in the opioid cris‚Ä¶"
"0","good morning happy birthday  to everyone! new old shipment has arrived we are having storewide clearance. no ""reasonable"" offer refused! {{url}}"
"0","rt {{mention}}: alta magazine is pleased to support {{mention}} + {{mention}}, a nonprofit organization dedicated to supporting under-resource‚Ä¶"
"0","#abgt203 another great start! and another commute that just got better. #fanforlife 12 years and counting!"
"0","ye look upon my takes and despair {{url}}"
"0","specialists with the appropriate knowledge are able to judge whether an item was made in an earlier era‚Äù. bada has therefore proposed ‚Äúthird-party verification for carvings or items comprising mainly ivory

{{url}} {{url}}"
"0","rt {{mention}}: more than 650 philly police officers are unavailable for duty because of injuries. but some blatantly work second jobs, an‚Ä¶"
"0","wow...very beautiful {{url}}"
"0","rt {{mention}}: abbotts been scootin around that border wall down there doing photo ops for 8 months and didnt fix this shit and its gonna h‚Ä¶"
"0","{{mention}} {{mention}} just been told by the bandq cs advisor that his computer is down and will be fixed this friday #disappointed"
"0","rt {{mention}}: . {{mention}} 
live #auction 11th oct @ 9:30am bst
view all the catalogues & bid live from home here: {{url}}"
"0","vintage colonial 3 blade pocket knife high carbon steel usa electrician tool {{url}} {{url}}"
"0","vintage faded gold tone silver tone  oval tie clip tie bar {{url}} {{url}}"
"0","gem 1920's flip top single edge safety razor blade made in brooklyn, ny {{url}} {{url}}"
"0","she‚Äôs about 3 years old, and decided a couple of weeks ago to just move in. she‚Äôs a sweet gal, so i guess she‚Äôs staying ü§∑üèª‚Äç‚ôÄÔ∏èüòÇ {{url}}"
"0","rt {{mention}}: join us on 02/08. learn how #computervision is transforming the world. register for free: {{url}}

{{mention}}‚Ä¶"
"0","{{mention}} or we'll shoot you. no wait, you're under arrest. i mean, can i see your id? you can't be standing there, this is private property. shut up or i'll tase you. you talkin' to me?"
"0","relax into the new year with this fantastic ivory leather lc3 sofa in great vintage condition‚Ä¶ {{url}}"
"0","look forward to a busy week {{mention}} #olympia #ivory #masterpiece #londonartweek #westminstercouncil #crunchtime"
"0","{{mention}} compare that with the antique trade still buying and selling ivory and telling jumbo ""it's ok jumbo it's your grandfathers tusks not your brothers....honest!"
"0","participated in my first polar plunge yesterday. 5 degrees and snowing. great event, benefitting special olympics iowa"
"0","please sign this petition regarding ivory laws, we all know how devastating it would be if the laws go through. #antiques #ivory #ivorylaws #petition 

{{url}}"
"0","epic gender reveal! congrats chuy and abby cc {{mention}} {{url}}"
"0","i wish the twitter team the best of luck and trust that they will be successful in continuing to develop this important communication tool."
"0","{{mention}} {{mention}} {{mention}} {{mention}} {{mention}} the question to you is will there ever be that change you desire most for nigeria? if yes, can you imagine how this would unfold? if no, then we are just in cycles!"
"0","we have yet another fabulous weekly sale coming up next monday.
the auction is available to view on our website and bidding platforms {{mention}} {{mention}} 
clifford‚Äôs weekly sale preview video is viewable on our website and our youtube channel gorringes tv. #gorringes {{url}}"
"0","break up to break out and break through!
this is where love and light meets shadow work. this shit can be easier and you can be happyaf. {{url}}"
"0","{{mention}} {{mention}} exactly..."
"0","happy halloween from woolley & wallis. featuring lot 325; a large and impressive myochin iron articulated model of a #snake, signed #myochin, 127cm. view the full #japanese works of art catalogue here: {{url}}
#halloween #woolleyandwallis {{url}}"
"0","issues with my package deliveries from the {{mention}}. countless occasions my package has being delivered to a similar/ wrong address.  left notes & spoke with the delivery person to help with this issue. todays package was just left on top of the community mailbox {{mention}}"
"0","18th century #ivory crucifix from #themet, illegal to buy, sell or possess under hb227 in ct #gunrights #infowars {{url}}"
"0","elephant poaching will not be stopped by banning the sale of antique ivory but by working together to uphold the law #protectantiqueivory"
"0","{{mention}} i asked myself the same question but only because the series finale was so terrible, it makes the other 179 episodes pointless lol"
"0","{{mention}} there‚Äôs my name. before i stole your p."
"0","built in the 19th century as a luxurious, ivory colored villa, the hotel still maintains the elegant look of days gone by in its marble floors, carved wood panels, chandeliers and draperies. {{url}} #luxuryhotel #italy {{url}}"
"0","preiss bronze and ivory, bathers, circa 1925, sold for $50,000 in 2013, now banned in the u.s. rt #artdeco #auction {{url}}"
"0","whats the name of this anti-war, anti-nwo band with the middle-eastern riffs? (live at {{url}})"
"0","{{mention}} super cool! thanks! last time i funded something on such a platform it was {{mention}} and wasteland 2. fun party :)"
"0","in tomorrow‚Äôs weekly sale a large selection of ercol windsor elm furniture.

#ercol #ercolfurniture #gorringes #auctionhouse #antiques #collectables #canaletto #fineart #clocks #objectsdart¬†¬†#jewellery #jewelry #silver #watches #decorativearts #medals #auctions #auctionsales {{url}}"
"0","the ivory education institute attends cites meetings to remind the world that ivory is a unique and historically vital material and that ivory is not exclusively produced by elephants, but is also a product of walruses, narwhals, boars, warthogs, hypos, whales and mammoths."
"0","rt {{mention}}: 1973-74 kawasaki kx 125 250 400 450 kt 250 fuel cap rare white nos oem 51049-022 {{url}} {{url}}"
"0","rt {{mention}}: if you‚Äôre looking to upgrade your mask game and protect yourself, please visit and find a location near you: {{url}}"
"0","ending tomorrow, wednesday 2nd december. #christmasgifts #bid #woolleyandwallis {{url}}"
"0","rt {{mention}}: antiques atlas - a large royal worcester blush ivory pot pourri {{url}} via {{mention}}"
"0","excited to share the latest addition to my #etsy #etsyjewelry #etsycanada shop: #vintage #owls #owlearrings #cloisonn√© owl #retroearrings #crowvanity #jewelry #freeshipping #etsysale #birthday {{url}} {{url}}"
"0","rt {{mention}}: rare antique sitzendorf couple in love white blanc & gold porcelain figurine 6"" {{url}} {{url}}"
"0","used vietnam us army ground forces command forcecom subdued patch u.s. military {{url}} {{url}}"
"0","rt {{mention}}: new used tack saddle bags leather rough out, western gift, black motorcycle bags {{url}} {{url}}"
"0","it's just snow people. it's not magic."
"0","1930's celebrated paintings and interior views of the us capitol folder postcard 18 lithograph set ephemera americ {{url}} {{url}}"
"0","rt {{mention}}: rare antique germany porcelain ornate demitasse ""think of me"" cup saucer luster {{url}} {{url}}"
"0","original 1957 gpo 332l vintage ivory bakelite telephone. converted & working {{url}} via {{mention}} #gpo #bakelite #vintage #ivorytelephone #ebay"
"0","hey {{mention}} any coupon codes i can use on my purchase? {{url}} via {{mention}}"
"0","visit us for our may exhibition in london this week. enjoy this unusual black-glazed trompe l'oeil wall vase with faux-
ivory celadon stand (qianlong period) from the private collection of baron 
nathaniel de rothschild.  
#asiaweek #london #littletonandhennessyasianart {{url}}"
"0","my mom had a debilitating case of tuberculosis in india, and she calls it her ""first pandemic"" {{url}}"
"0","good luck to fact (friends of antique cultural treasures), who are challenging the ivory act in the court of appeals today on behalf of ivory dealers and collectors #ivoryban #ivoryact"
"0","rt {{mention}}: 'fast & furious 7' producer -- movie will have to wait -- it's time to grieve {{url}}"
"0","rt {{mention}}: rare antique african art carved wood fetish power figure {{url}}"
"0","rt {{mention}}: that there is a starship enterprise implies the existence of a starship pro and a starship free"
"0","is this thing on?"
"0","{{mention}} {{mention}} sounds like we need to relaunch mego portable profiles :-) {{url}}"
"0","we have a treasure chest of new and exciting goodies! this antiqued french candelabra is heavily distressed to reveal the layers of age in a beautiful patina of grey, gold and ivory. {{url}} {{url}}"
"0","on a date with a hot woman."
"0","{{mention}} to me it‚Äôs more about what freud calls the narcissism of small differences. we can debate how stupid her comment is. we can‚Äôt debate whether this is at all important in the grand scheme of things. it just clearly isn‚Äôt."
"0","loved this video on zero-knowledge proofs: {{url}}"
"0","{{mention}} it seems that the interest in these netsuke will drop off soon since 90% of the antique ones are made of ivory and our silly government has agreed to ban the trade in these beautiful works of art"
"0","#starsandstripes wishing all our #american clients and friends a very happy #thanksgiving. featured lots: 1096, 1086 & 1170 from the #christmas gifts online auction. bid until 10am on 2nd december: {{url}} {{url}}"
"0","such a wonderful vegan alternative to ivory. no animals were harmed in the making of these earrings. x

#vegan #ivory #earlings #jewellery #sustainable {{url}}"
"0","sold in today‚Äôs book sale for ¬£10,000
lot 72 , repton, humphry - sketches and hints on landscape gardening, oblong folio, calf gilt, with 10 hand-coloured plates with overslips, and 6 uncoloured plates, 4 with overslips, london, [1794]
#repton #landscapegardening #sold #gorringes {{url}}"
"0","harvard law record opposes crazy ma ban on antique ivory {{url}} 
{{mention}} 
{{mention}} {{mention}} #gunrights"
"0","captivating high quality mammoth ivory carving of a bear family laid on teak wood
{{url}} {{url}}"
"0","rt {{mention}}: a free sign-up to meet donald trump?

you know what to do‚Ä¶ {{url}}"
"0","sold in yesterday‚Äôs weekly sale for ¬£3,200 - lot 601 , english school (19th century), oil on canvas.
(reputedly thomas sheridan, father of jane georgiana seymour, duchess of somerset (1809-1884) #englishschool #oiloncanvas #portrait #gorringes #auction {{url}}"
"0","also same french estate import this lovely antique french ivory 1860s-1870s pink silk lined box with mirror, brush and comb {{url}}"
"0","big news. congratulations to the newly expanded {{mention}} team! {{url}}"
"0","{{mention}} {{mention}} federal law prohibits ivory now.  this law only extends to antiques and is opposed by museums, historical societies."
"0","early xx century metal #square shelf.
#vintage #modern #vintageshop #deco #decoration #elrastro #madrid #style #instadecor #instaantiques #interior #design #inspiration #interiors #homedecor #antiquesdealersofinstagram #antiqueshop #art {{url}}"
"0","a pair of #brass bar #stool, #70s
#vintage #modern #vintageshop #deco #decoration #elrastro #madrid #style #instadecor #instaantiques #interior #design #inspiration #interiors #homedecor #antiquesdealersofinstagram #antiqueshop #art {{url}}"
"0","stunning hand carved mammoth ivory carving of a family of rabbits eating carrots.
{{url}} {{url}}"
"0","the #furniture, #worksofart & #clocks #auction is fast approaching on wednesday 21st october.
this man in the mirror (lot 63) is a life-size 19th century pine artist‚Äôs lay figure admiring himself in an early 19th century trumeau mirror (lot 191). #woolleyandwallis {{url}}"
"0","rt {{mention}}: introducing‚Ä¶icon!! {{mention}}‚Äôs new lipstick collection üíãüíÑa curated range of 10 bold reds & classic nudes. {{url}}"
"0","we are recruiting administration staff
for more information please contact
natalie milsted | {{email}} | 01722 424599 | 51-61 castle street, salisbury, wiltshire, sp1 3su #recruitment #salisburyjobs #jobsinsalisbury #salisbury #auctionjobs #staffwanted {{url}}"
"0","rt {{mention}}: we were lucky to have {{mention}} from the {{mention}} shed light on the complicated media landscape we live in, namely: how do w‚Ä¶"
"0","rt {{mention}}: . {{mention}} 
live #auction 25th oct @ 9:30am bst
view all the catalogues & bid live from home here: {{url}}"
"0","‚ö±Ô∏è‚ö±Ô∏èshibayama inlay (shibayama z≈çgan) is a lacquer art form distinguished by high relief carved inlays made from shell, coral, tortoiseshell, and ivory. many gorgeous shibayama crafts were exported during the... {{url}}"
"0","fantastic carved #ivory rabbit cane ca.1890 will be banned by hb5578 in ct, call your reps and rt #easter  #antiques {{url}}"
"0","vintage ivory linen drawn work handkerchief w/flowers, wedding bridal ladies collectible hankie hanky by gracesvintagegarden {{url}}"
"0","plaster #sculpture by #arisroskam, the netherlands.
#art {{url}}"
"0","rt {{mention}}: üö®culture cards x {{mention}} giveaway!!üö®

üí∞4 culture cards #nfts + 250k $dmr to winners!üíé

ü•á1 winner gold big pun nft + 1‚Ä¶"
"0","{{mention}} #botecdoratinho"
"0","{{mention}} ngl that looks good"
"0","holy smokes but some kind of confirmation/help ticket would be helpful"
"0","a set of african wood #sculpture heads.
#vintage #modern #vintageshop #deco #decoration #elrastro #madrid #style #instadecor #instaantiques #interior #design #inspiration #interiors #homedecor #antiquesdealersofinstagram #antiqueshop #art {{url}}"
"0","baule figure with beautiful carving detail from ivory coast, early 20th c. measuring 40.5 cm
 
provenance: private collection, california, usa

for sale from {{mention}}ican_art 
{{url}} {{url}}"
"0","read ""stephen king revisited"" by {{mention}} for free here: {{url}} -- {{url}}"
"0","hey everyone i made $386 today check out how i made it! {{url}}"
"0","here's the bad guys, not antique and gun collectors. #saveelephants #gunrights #2ndamendment #intlforestday #ivory {{url}}"
"0","sumptuous ivory silk quilt bedspread {{url}} {{url}}"
"0","opening a coin laundry dedicated to only accepting them madam maya angelou‚Äôs??"
"0","the furniture, works of art & clocks catalogue can
now be viewed on our website: {{url}} 

the auction will take place on wednesday 22nd
september 2021. 

#woolleyandwallis #auction #auctionhouse #furniture #worksofart #clocks #antiquefurniture {{url}}"
"0","gorringe‚Äôs auctioneers, are privileged to have been instructed to offer for sale on tuesday december 7th - the michael farebrother collection of ¬†‚Äòpapers concerning h.m the queen & her family‚Äô offered for sale for the first time.
{{url}} #gorringes {{url}}"
"0","this is the kind of unconditional love for animals that should be in all of us. then none of us would buy ivory,... {{url}}"
"0","antiques collectors/dealers entering usa make sure your paper work is in order regarding antique items, in ivory, tortoiseshell, feathers,."
"0","rt {{mention}}: disney frozen keychain anna princess 2.75"" plastic figure 2017 keyring - new {{url}} {{url}}"
"0","{{mention}} which one ?"
"0","screw workkk today :( i hate waking up in the rain - this news article is so motivational!! {{url}}"
"0","this antique portrait miniature on #ivory  banned by hb5578.  {{mention}}  {{mention}} {{mention}} {{mention}} {{url}}"
"0","{{mention}} and on a lighter note, i feel like you and {{mention}} should totally be friends."
"0","rt {{mention}}: when my great grandfather immigrated here to the us (1930 pre- holocaust) his certificate of citizenship was very clear as t‚Ä¶"
"0","it‚Äôs {{mention}} {{url}}"
"0","vintage carborundum razor honing sharpening stone in leather pouch case niagara falls ny abrasives hone {{url}} {{url}}"
"0","this beauty fitted is the first of two this is the ivory stovax huntingdon 28 #stovax #chislehurst #kent #woodburners #multifuel #cosyfires {{url}}"
"0","fine jewellery entries invited for our winter sale.

gorringe‚Äôs winter fine sale tuesday 7th december. entry deadline 17th november.

{{url}}

#consign #gorringes #jewellery #jewelry #finejewelry #finejewellery #antiquejewelry {{url}}"
"0","vintage wood bottle opener ""cronies"" eclipse knitting mills new york broadway ny advertising textile company {{url}} {{url}}"
"0","{{mention}} {{mention}} lol you really think you did something huh smh"
"0","{{mention}} {{mention}} apple music. ü§∑"
"0","excited to share the latest addition to my #etsy #etsycanada #etsyvintage shop: #vintage #millefiori #blownglasscat #muranoglass #kitten #catsoftwitter #christmascat #calicocat #minicat #vintagevigo #canada #birthday #christmas #glasscat #vintagecanada {{url}} {{url}}"
"0","""misinformation is a complex problem. technology, governments, science institutions, educators and the public all have a part to play in assuring the quality of scientific information that underpins so much of our day-to-day lives.""

{{url}} {{url}}"
"0","rt {{mention}}: why tolling on chciago's lake shore drive is a bad idea:  {{url}}"
"0","{{mention}} would you consider adding an rss feed?"
"0","looking for positive attitude and the ‚Äúnothing is impossible‚Äù-mindset, look no further, see this documentary about {{mention}} and how he and his team claimed all 14 peaks over 8000m in 7mo. (my everest and two others in 48h) {{url}}"
"0","{{mention}} {{mention}} i've been waiting 5 months for wave support to follow up on some issues. i've emailed several times, but no movement. can someone please make this a priority, it's very frustrating."
"0","autumn is officially here and this impressive daum nancy mushroom shaped table lamp will be lighting up the design auction on wednesday 7th october. 
lot 464 - view here: {{url}}
#daumnancy #mushroomlamp #design #france #daum #nancy #woolleyandwallis {{url}}"
"0","vintage silver tone half round mod tie bar clasp tie clip {{url}} {{url}}"
"0","{{mention}} why isn‚Äôt everything already this? like repo man ‚Äúbeer‚Äù but computer generated sludge {{url}}"
"0","rosenthal continental sanssouci soup bowl and under plate ivory rose pastorale double handled {{url}}"
"0","omg havent been on this in ages haha and i havent a clue what to say :p"
"0","i challenged wo hao niu cha and won:) challenge players from around the world! #brainwars
{{url}} {{url}}"
"0","antiques atlas - a large royal worcester blush ivory pot pourri {{url}} via {{mention}}"
"0","high quality mammoth ivory carving of a family of rabbits eating carrots laid on teak wood
{{url}} {{url}}"
"0","selling 2 leeds fest sunday tickets dm #leedsfestival"
"0","{{mention}} shine on you crazy diamond..."
"0","excited to share the latest addition to my #etsy #etsyjewelry #etsycanada shop: #vintage #unicorns #earrings #pewterearrings #loopearrings #unicornearrings #crowvanity #jewelrysale #freeshipping sale #pewter #christmas {{url}} {{url}}"
"0","stunning high quality mammoth ivory carving of a family of monkeys laid on teak wood
{{url}} {{url}}"
"0","el cid gallery is an antique and art gallery.
we specialize in mammoth ivory carvings, porcelain and contemporanei‚Ä¶ {{url}}"
"0","{{mention}} i believe we should destroy any ivory illegally being sold & tax sales of antique ivory & give the money to the conservationists"
"0","here‚Äôs clifford‚Äôs fine sale preview video {{url}} #gorringes #fineart #auction #canaletto {{url}}"
"0","{{mention}} fascinating keepsake, further humanized by details like the torn brad holes and misspelling of ‚Äúdispensed‚Äù in the last line of text. what a find!"
"0","new stock: #vintageafrican #warmask #guere #ivorycoast #africanmask figurine primitive carving sculpture wooden primitive #tribalart c1950-60's eve {{url}} a massive evolving inventory of african art in store. buy direct through our website and save! {{url}}"
"0","ebony and ivory {{url}}"
"0","family fun at the the french bedroom company! 
georgia's (not so little) boy jakjak on our brand new oversized giant cockerel ornament in a distressed gold and ivory finish. {{url}} {{url}}"
"0","rt {{mention}}: 100k terminals shipped!
{{url}}"
"0","original 1956 gpo 332l 'exchange' vintage ivory bakelite telephone. converted  {{url}} via {{mention}} #ebay #bakelite #ivorytelephone #gpo"
"0","i can be a bitch, too, if i try to be"
"0","original 1957 gpo 332l vintage ivory bakelite telephone. converted & working {{url}} via {{mention}} #vintage #bakelite #ivorytelephone"
"0","started rehearsals of mario o'hara's stageshow.  mario was able to attendthe reading rehearsals before he passed away 2 months ago."
"0","19th century meissen figurine of cupid sewing broken heart

buy this wonderful #meissenporcelainsculpture @ {{url}}

#ivoryandart #art #sculpture #sculptures #homedecor #homedecoration #summersale #summersales {{url}}"
"0","vintage lenox vase - fine china with a pink rose and golden leaves - classic ivory porcelain with 24k gold trim {{url}} via {{mention}}  #gotvintage #gvs #vintagelenox #lenoxvase #lenoxrosevase"
"0","vintage ivory linen handkerchief brussels style lace, wedding bridal ladies collectible hankie hanky by gracesvintagegarden {{url}}"
"0","#truth {{url}}"
"0","odesza, palo alto, ca: register for presale access & win meet & greet with odesza + more!: {{url}}"
"0","rt {{mention}}: when history meets technology. {{url}}"
"0","the new krasnogorsk 3 should be here in a month or two straight from russia. i have always wanted to shoot on 16mm film. more updates soon."
"0","{{mention}} {{mention}} {{mention}} {{mention}} {{mention}} this is insanity. what happens when permissiveness changes underlying behaviors. brazenness becomes the norm. hard to go back."
"0","big #midcentury bone veneered #box.
#decoration #style {{url}}"
"0","amazingly antique french 5 lite girandole candelabra lamp now on ebay. this lovely completely re-wired, 
 re-strung, re-hickeyed, 5 candle cover replaced, and handmade french crown light bulbs shades. dripping with czech crystals-gorgeous-this is heavy! {{url}}"
"0","#mazzega #murano #glass #sconce, #italy #70s
#vintage #modern #vintageshop #deco #decoration #elrastro #madrid #style #instadecor #instaantiques #interior #design #inspiration #interiors #homedecor #antiquesdealersofinstagram #antiqueshop #art {{url}}"
"0","i've just posted on my #elcidgallery blog about: mammoth ivory and feng shui {{url}}"
"0","rt {{mention}}: antiques atlas - pair of antique royal worcester blush ivory vases {{url}} via {{mention}}"
"0","louis masriera pendant with ivory, circa 1910.  oppose hb5578, please rt #artnouveau {{mention}} {{mention}} {{url}}"
"0","rt {{mention}}: pastors will pray for the fruit of the womb but never for the fruit of the testicle!- father angelbert chikere"
"0","{{mention}} could have and still could buy {{mention}} - hny sir."
"0","we have lovely ladies items for everyone and i mean everyone. stop by and see us or call. 419 ccpkwy cape coral fl. {{url}}"
"0","hot as fuuuck {{url}}"
"0","the uk government has blocked the export of two balthasar permoser ivory statuettes. {{url}} {{url}}"
"0","*179th (jan 2022) edition of emagazine presense*
editorial on {{mention}}  breach of security  +   making of indian constitution  +  exciting story of arya bhashyam who hoisted indian tri-colour  on 26th jan 1932
{{url}}

{{mention}}  {{mention}} {{url}}"
"0","rt {{mention}}: the gilded age needs to case jane krakowski in character as jenna maroney playing a character in the gilded age"
"0","carrington & co. london - a 19th century rosewood and etched ivory cased eight day mantel timepiece, lot 200 inour weekly sale, est ¬£400-¬£600 #antiques #clocks #auction #lewes {{url}}"
"0","discover #europe as it blooms into colour with our flowers and gardens holidays! a treat for the eyes, visit the renowned #keukenhofpark or explore the incredible #floriadeexpo ‚Äì a once a decade event! book your springtime escape today > {{url}} {{url}}"
"0","this whole crisis text line story is truly bizarre. the poor judgement involved boggles the mind. {{url}} {{url}}"
"0","what happens with ideologues take over the regulatory state? antiques become contraband {{url}}  #gunrights #antiques #ivory"
"0","i'm sooo not looking forward to getting up for work tomorrowwww - cant wait for this thing to work! {{url}}"
"0","rt {{mention}}: we are running a survey to help us better understand how we can best support our lgbtq+ communities üè≥Ô∏è‚Äçüåàüè≥Ô∏è‚Äç‚ößÔ∏è 

the survey is‚Ä¶"
"0","one person followed me and one person unfollowed me // automatically checked by {{url}}"
"0","{{mention}} {{mention}} congratulations!"
"0","a fantastic end to the year for the #woolleyandwallis english and european ceramics department. read more in the #bbc #bbcwiltshire article: 
{{url}}"
"0","rt {{mention}}: i wrote about the revival of the earn it act, which is bad and should go away

{{url}} {{url}}"
"0","rt {{mention}}: atq ""king kalakaua of hawaii"" royal book of autographs 2 crests-queen emma photo {{url}} {{url}}"
"0","vintage the ideal usa 2 blade black pocket knife {{url}} {{url}}"
"0","rt {{mention}}: waddle üêß
waddle üêß

#finsup x #dolphinselevator {{url}}"
"0","when you're between 1% and 2% compound monthly growth it doesn't feel as good as it used to.

it might be a stretch to call it a struggle. you're likely still growing faster than most established businesses your size.

but you rarely see other saas founders sharing those numbers."
"0","{{mention}} {{mention}} i ‚ù§Ô∏è cody but i 100% approve of this decision"
"0","vintage camillus new york usa #21 cattle bone 2 blade serpentine pocket knife {{url}} {{url}}"
"0","hb5578 will require documentation the ivory on this finial is antique- hoping that will save elephants in africa??!! {{url}}"
"0","i just discovered this on poshmark: b. makowsky ivory leather top zip shoulder bag. {{url}} via {{mention}}"
"0","federal chest from portsmouth, sold by skinner for $270,000, banned if ma hb1275 passes {{mention}} #ivory #antiques {{url}}"
"0",".{{mention}} and {{mention}}: this is shameful! anti-#lgbt guidance is an affront to american values. {{mention}} {{mention}}"
"0","wordle 223 2/6

üü®üü©‚¨ú‚¨úüü©
üü©üü©üü©üü©üü© i‚Äôm new. is this how you do it?"
"0","rt {{mention}}: today‚Ä¶ a (maskless) {{mention}} officer fails to remove dpw worker who has just *shoved* a guy and instead continues (with glo‚Ä¶"
"0","young girls today are looking for trouble posting pics like this, she does not look older then 14 {{url}}"
"0","#midcentury #biumble with #malachite fabrics by #jimthompson
#vintage #modern #vintageshop #deco #decoration #elrastro #madrid #style #instadecor #instaantiques #interior #design #inspiration #interiors #homedecor #antiquesdealersofinstagram #antiqueshop #art {{url}}"
"0","india elephant map #ivoryforelephants #stoppoaching #elephants for #ivory ! #animals #elephanttree {{url}}"
"0","and when the exemption ends, won't it be wonderful to see all the 200 year old elephants come back to life. sadly, beautiful items like yours will be destroyed for scrap and meanwhile the hideous trade in modern ivory will continue practically unhindered."
"0","the only thing in wiring we left is the very old slide switch & it's cord as it works perfectly"
"0","jan 27, 2021 (7 pm - 9 pm) - resources for small business owners {{url}}"
"0","{{mention}} experienced grapefruit flavor and disappointed not to get it again in our next pack. is this real?! so much better than orange!"
