"0","Just arrived!! New Mammoth Ivory Carvings  {{URL}}" 
"1","New item added to the site a Rare 18th Century Mughal anthropomorphic carved ivory cane handle with suspended tongue. {{URL}}" 
"2","""Misinformation is a complex problem. Technology, governments, science institutions, educators and the public all have a part to play in assuring the quality of scientific information that underpins so much of our day-to-day lives.""

{{URL}} {{URL}}" 
"3","RT {{MENTION}}: When my great grandfather immigrated here to the US (1930 pre- Holocaust) his Certificate of Citizenship was very clear as t‚Ä¶" 
"4","And when the exemption ends, won't it be wonderful to see all the 200 year old elephants come back to life. Sadly, beautiful items like yours will be destroyed for scrap and meanwhile the hideous trade in modern ivory will continue practically unhindered." 
"5","Byzantine #ivory crucifix circa 1360 from #TheMet, banned by CT HB5578,  RT {{MENTION}} {{MENTION}}@SharkBits88 {{URL}}" 
"6","trying to hydrate after a long weekend of debotchery. some food is helping...more fluid...please" 
"7","{{MENTION}} {{MENTION}} I just use LinkedIn or Daijob, I'm looking at Tech Industry roles in Japan though." 
"8","This is a beautiful japanes ivory Mei-ji. Enjoy it! {{URL}}" 
"9","Just arrived!! New Mammoth Ivory Carvings  {{URL}}" 
"10","Sold at auction for ¬£600 plus commission, a Japanese carved ivory Okimono of a seated man from the Meiji era. 

#Bristol #Auction #Japanese #Ivory #Okimono #Meiji #Antique {{URL}}" 
"11","Take a look at this stunning Phoenicio-Egyptian ivory seated scribe üò≤ It is rare and provenanced and has a loop for suspension. View it here: {{URL}} {{URL}}" 
"12","Need Insoiration? Want to know how to do something? Check us on Pinterest {{URL}}" 
"13","William Grimaldi (1751-1830), Portrait of  a gentleman in a blue coat and stock and a women in a gold dress with a lace jabot, holding a child,  portrait miniatures, a pair, watercolour on ivory, inscribed paper verso ""W Grimaldi AR engraver {{URL}}" 
"14","SOLD today for ¬£850 - Bosio , Giacomo. Li Privileggi della Sacra Religione di S. Gio Giersolimitano ...
engraved title device; 96, (24)pp., later calf with gilt decorated and panelled spine, gilt arms on both covers, sm.4to.Rome: Jacobus Tornerius,1599 #gorringes #sold #booksale {{URL}}" 
"15","Stop Being So SMART: A Reflection on Resiliency During the Time of COVID, Systemic Oppression, and Seasons of Love {{URL}}" 
"16","Vintage Hammer Brand Two Blade Pocket Knife Folding Black Silver Red Celluloid 1940s {{URL}} {{URL}}" 
"17","{{MENTION}} Had this exact discussion yesterday with my wife while driving to Madison on 94." 
"18","Fantastic carved #ivory rabbit cane ca.1890 will be banned by hb5578 in CT, call your reps and RT #Easter  #antiques {{URL}}" 
"19","Mammoth Ivory Tusks are absolutely legal worldwide. You can read more about Mammoth Ivory in our education Center.

Click here to read more: {{URL}}" 
"20","amazing, took 13 years, but I just got access to my original twitter account back! {{MENTION}} thanks for the early hookup!" 
"21","Buddha carving from ivory mammoth {{URL}}" 
"22","Hand painted on ivory miniature of Lady Carrington @ Terrier Antiques Ltd {{URL}}" 
"23","Ye look upon my takes and despair {{URL}}" 
"24","{{MENTION}} why isn‚Äôt everything already this? like Repo Man ‚ÄúBeer‚Äù but computer generated sludge {{URL}}" 
"25","Buddha carving from ivory mammoth {{URL}}" 
"26","Rare Ivory tea caddy one of many we have for sale in our collection.

{{URL}} #teacaddy #antiques #buywithconfidence  {{URL}}" 
"27","This is a very high quality mammoth ivory carving netsuke A Listening To Music. This netsuke is carved out of genuine pure Mammoth ivory!

{{URL}}

#netsuke #sculpture #ivory #mammothivory {{URL}}" 
"28","The latest The Trendy Nic Daily! {{URL}} Thanks to {{MENTION}} #gno #timepoy" 
"29","RT {{MENTION}}: The company of a #Libra is refreshing, fulfilling, often very enlightening &amp; highly sought after." 
"30","{{MENTION}} {{MENTION}} Congratulations!" 
"31","Built in the 19th Century as a luxurious, ivory colored villa, the hotel still maintains the elegant look of days gone by in its marble floors, carved wood panels, chandeliers and draperies. {{URL}} #luxuryhotel #italy {{URL}}" 
"32","RT {{MENTION}}: . {{MENTION}} 
LIVE #Auction 11th Oct @ 9:30am BST
View all the catalogues &amp; bid LIVE from home here: {{URL}}" 
"33","The Kendall Infinity Cowl in Ivory  {{URL}}" 
"34","The Furniture, Works of Art &amp; Clocks catalogue can
now be viewed on our website: {{URL}} 

The auction will take place on Wednesday 22nd
September 2021. 

#woolleyandwallis #auction #auctionhouse #furniture #worksofart #clocks #antiquefurniture {{URL}}" 
"35","{{MENTION}} Wait do I need to watch ‚ÄúJohn Wick‚Äù before watching ‚ÄúNobody?‚Äù Because I don‚Äôt have that kind of time." 
"36","RT {{MENTION}}: The Gilded Age needs to case Jane Krakowski in character as Jenna Maroney playing a character in The Gilded Age" 
"37","19TH CENTURY HAND PAINTED MINIATURE PORTRAIT ON IVORY BY OLGA PERIN {{URL}}" 
"38","1923 Lima Locomotive Works Shay Class C {{URL}}" 
"39","RT {{MENTION}}: Rare Antique African ART Carved Wood Fetish Power Figure {{URL}}" 
"40","Anglo-Indian Shisham Wood &amp; Ivory Inlaid Side Table from Mysore, attributed to Ahmedali &amp; Brothers of Mysore (awarded a silver medal at the Calcutta Exhibition of 1884). ¬£1,200: {{URL}}" 
"41","You can buy this splendid and graceful Carving of Seven Lucky Gods on a wooden plank by authentic Mammoth Ivory.

New Year Sale Upto 20% Off
Buy Now @ {{URL}}

#MammothIvorySculpture #MammothIvory #IvoryAndArt #NewYearSale #HolidayShopping {{URL}}" 
"42","{{MENTION}} Which one ?" 
"43","Check this gorgeous Mammoth ivory carving {{URL}}" 
"44","brings back old memories.. {{URL}} - the leh bike trip" 
"45","Original 1957 GPO 332L Vintage Ivory Bakelite Telephone. Converted &amp;amp; Working {{URL}} via {{MENTION}} #GPO #bakelite #vintage #ivorytelephone #ebay" 
"46","Our Christmas Sale includes Objects, Jewellery, SIlver and Alcohol - starts at 9:30am on Wednesday 8th December.

Lot No 3 - Sixteen Indian Mughal oval portrait miniatures hand painted onto ivory of temples and figures,

View the catalogue here: {{URL}}

#mughal {{URL}}" 
"47","Or maybe it's just little boys" 
"48","#Midcentury #biumble with #malachite fabrics by #JimThompson
#vintage #modern #vintageshop #deco #decoration #ElRastro #Madrid #style #instadecor #instaantiques #interior #design #inspiration #interiors #homedecor #antiquesdealersofinstagram #antiqueshop #art {{URL}}" 
"49","You can buy this wonderful, yet unique work of Two Squirrels Playing with each other.

Christmas Sale Upto 20% Off
Buy Now @ {{URL}}

#MammothIvorySculpture #MammothIvory #IvoryAndArt #IvoryAndArt #christmassale #HolidayShopping" 
"50","RT {{MENTION}}: Pastors will pray for the fruit of the womb but never for the fruit of the testicle!- Father Angelbert Chikere" 
"51","Look at this mighty yet robust creation of Japanese Samurai Figurines precisely sculpted with original mammoth ivory.

New Year Sale Upto 20% Off
Buy Now @ {{URL}}

#MammothIvorySculpture #MammothIvory #IvoryAndArt #NewYearSale #HolidayShopping {{URL}}" 
"52","RT {{MENTION}}: 19th century Chinese carved ivory tusk carvings and figures, various estimates. ISLAMIC &amp; ORIENTAL 24 JUNE {{MENTION}}‚Ä¶" 
"53","Ebony and Ivory {{URL}}" 
"54","Autumn is officially here and this impressive Daum Nancy mushroom shaped table lamp will be lighting up the Design auction on Wednesday 7th October. 
Lot 464 - view here: {{URL}}
#DaumNancy #mushroomlamp #Design #France #Daum #Nancy #WoolleyandWallis {{URL}}" 
"55","Just arrived!! New Mammoth Ivory Carvings  {{URL}}" 
"56","RT {{MENTION}}: We are running a survey to help us better understand how we can best support our LGBTQ+ communities üè≥Ô∏è‚Äçüåàüè≥Ô∏è‚Äç‚ößÔ∏è 

The survey is‚Ä¶" 
"57","{{MENTION}} Please gib belfast gig!!!!" 
"58","Amazing Mammoth Ivory Carving Of Birds On A Flower

This exquisite sculpture is of a bird perking a leaf. 

{{URL}}

#mammoth #mammothivory #ivory #mammothivorytusk
#bird #birdsivorycarvingivory #passion #art #beautiful #nature #legalmammothivory #masterpiece {{URL}}" 
"59","Our #Silver &amp; Objects of Vertu sale on 16th July features some interesting pieces including this #Mokume tea caddy by #TiffanyandCo, #EdwardMoore period, decorated with a carved ivory okimono finial of playful #Japanese figures. Estimated at ¬£1,000-1,500. {{URL}} {{URL}}" 
"60","When we carried all of our possessions moving to New Zealand as luggage it felt like we had so much. Now that we‚Äôre in a house it feels like almost nothing. Surreal." 
"61","Antiques Atlas - Large Antique Royal Worcester Blush Ivory Vase {{URL}} via {{MENTION}}" 
"62","{{URL}} - Great Mammoth Ivory Carving for Sale!" 
"63","Excited to share the latest addition to my #etsy #etsycanada #etsyvintage shop: #Vintage #Millefiori #BlownGlassCat #MuranoGlass #Kitten #Catsoftwitter #Christmascat #CalicoCat #MiniCat #VintageVigo #Canada #birthday #christmas #glasscat #vintagecanada {{URL}} {{URL}}" 
"64","Buddha carving from ivory elephant (antique) {{URL}}" 
"65","Wordle 223 2/6

üü®üü©‚¨ú‚¨úüü©
üü©üü©üü©üü©üü© I‚Äôm new. Is this how you do it?" 
"66","You can purchase this stunning, nonetheless distinctive work of meditating seated Buddha fastidiously carved with mammoth ivory. 

New Year Sale Upto 20% Off
Buy Now @ {{URL}}

#MammothIvorySculpture #MammothIvory #IvoryAndArt #NewYearSale #HolidayShopping {{URL}}" 
"67","HB5578 will require documentation the ivory on this finial is antique- hoping that will save elephants in Africa??!! {{URL}}" 
"68","A selection of the fine boxes in our auction on Tuesday 11th April Winchester {{URL}} {{URL}}" 
"69","Baule figure with beautiful carving detail from Ivory Coast, Early 20th C. Measuring 40.5 cm
 
Provenance: Private collection, California, USA

For sale from {{MENTION}}ican_art 
{{URL}} {{URL}}" 
"70","Joyous high quality mammoth ivory carving of standing Buddha on a teak wood
{{URL}} {{URL}}" 
"71","ODESZA, Palo Alto, CA: Register for Presale Access &amp; WIN Meet &amp; Greet with ODESZA + more!: {{URL}}" 
"72","Hey {{MENTION}} any coupon codes I can use on my purchase? {{URL}} via {{MENTION}}" 
"73","Thank you to those who have been in touch regarding last night's announcement. We are currently seeking further guidance as to if and how auctions are allowed to proceed and hope to have a clearer understanding by Tuesday. We will update you accordingly." 
"74","David Shepherd 'The Ivory Is Theirs' {{URL}} {{URL}}" 
"75","AN INDO-PORTUGUESE IVORY INLAID CABINET, India, circa 1680 | New York | Mallett Antiques: {{URL}}" 
"76","Minton Bronze and Ivory Figures {{MENTION}}! Minton Bronze and Ivory Figurine  {{URL}}" 
"77","{{MENTION}} Any chance of this becoming a feature at some point?  I really like to distinguish my different projects by different themes." 
"78","Elephant poaching will not be stopped by banning the sale of antique ivory but by working together to uphold the law #protectantiqueivory" 
"79","RT {{MENTION}}: Antiques Atlas - A Large Royal Worcester Blush Ivory Pot Pourri {{URL}} via {{MENTION}}" 
"80","Extremely flawed article, {{MENTION}}:  all ivory found at customs is seized incl. your aunt Minnie's earrings.   {{URL}}" 
"81","I challenged Wo Hao Niu Cha and won:) Challenge players from around the world! #BrainWars
{{URL}} {{URL}}" 
"82","Mammoth Ivory Tusks are absolutely legal worldwide. You can read more about Mammoth Ivory in our education Center.

Click here to read more: {{URL}}" 
"83","A pair of late Victorian stained ivory cuff links by Child &amp; Child c1905. Each terminal designed as a heart, collet set with a green stained ivory panel conjoined by belcher links. {{URL}}" 
"84","okay maybe I'm done for the year" 
"85","Would you buy a home in the metaverse?
 {{URL}} {{URL}}" 
"86","RT {{MENTION}}: Paul Heermann (1673-1732) - Cupid pissing, ivory relief carving. End the modern ivory trade but please #protectantique‚Ä¶" 
"87","This antique portrait miniature on #ivory  banned by HB5578.  {{MENTION}}  {{MENTION}} {{MENTION}} {{MENTION}} {{URL}}" 
"88","The ONLY thing in wiring we left is the very old slide switch &amp; it's cord as it works perfectly" 
"89","Vintage Harley Davidson Indian Collectible Pin Hog Chasing Motorcycle Hawg ""Running with the Hogs"" {{URL}} {{URL}}" 
"90","Digging this‚Ä¶.
George III Irish silver Butter¬†spade marked for Dublin 1786 with stained ivory handle by Joseph Jackson, having the crest of Newton of Charlton, Kent and Dunleckny, Co. Carlow, Ireland. {{URL}}" 
"91","High quality mammoth ivory carving of kids playing on a relaxed bull laid on a teak wood
{{URL}} {{URL}}" 
"92","Young girls today are looking for trouble posting pics like this, she does not look older then 14 {{URL}}" 
"93","Vintage Faded Gold Tone Silver Tone  Oval Tie Clip Tie Bar {{URL}} {{URL}}" 
"94","Our auction this Saturday features a number of beautiful antique wax seals from a single collection. Sold in separate lots the seals encompass diverse materials and designs, including a silver owl together with agate, gold and ivory examples. See them in our online catalogue now. {{URL}}" 
"95","You can buy this wonderful, yet exquisite work of Crane and Deer  on a wooden plank carefully sculpted with original mammoth ivory.

New Year Sale Upto 20% Off
Buy Now @ {{URL}}

#MammothIvorySculpture #MammothIvory #IvoryAndArt #NewYearSale #HolidayShopping {{URL}}" 
"96","RT {{MENTION}}: For most of us, our mother is our first teacher. In my own case, it was my mother who first revealed to me the power of comp‚Ä¶" 
"97","Relax into the New Year with this fantastic ivory leather LC3 sofa in great vintage condition‚Ä¶ {{URL}}" 
"98","Vintage Lenox Vase - Fine China with a Pink Rose and Golden Leaves - Classic Ivory Porcelain with 24k Gold Trim {{URL}} via {{MENTION}}  #gotvintage #GVS #vintageLenox #lenoxvase #LenoxRoseVase" 
"99","#ArtDeco masterpiece by Emile-Jacques Ruhlmann with #ivory inlay, banned by hb5578. RT {{MENTION}} {{MENTION}} {{URL}}" 
"100","GORGEOUS GOLD! another Client commission completed. Frame finished in a classic ivory eggshell, and fabric is a... {{URL}}" 
"101","A fantastic end to the year for the #WoolleyandWallis English and European Ceramics Department. Read more in the #BBC #BBCWiltshire article: 
{{URL}}" 
"102","Another brilliant selling lot this morning... The large Japanese carved Ivory figure

{{URL}} {{URL}}" 
"103","Loved this video on zero-knowledge proofs: {{URL}}" 
"104","Small ivory card case #jeremygreenantiques #cardcase #ivory {{URL}}" 
"105","RT {{MENTION}}: ‚ÄúWe hear rape jokes and sexual assault jokes ... left and right ... nothing is being done about it,‚Äù said 13-year-old Esme‚Ä¶" 
"106","Just arrived!! New Mammoth Ivory Carvings  {{URL}}" 
"107","What A beautiful year it has been! We can only say thanks to all our customers!!
Wishing you all a great evening with family and friends, and that 2020 may bring you good health and joy!
#IvoryAndArt #IvoryCarving #MammothIvory #legalivory #CarveIvory #netsuke #mammothIvoryTusk {{URL}}" 
"108","This #Chinese ivory figure group is one of many Oriental ivories in our #auction on Tuesday. #Antique {{URL}}" 
"109","Antique Legal Mammoth Ivory Carving of Fukurokuju

One of the prominent seven Lucky Gods, #fukurokuju is omnipresent in Japanese mythology. Handcrafted by #mastercarver.

{{URL}}

#mammoth #mammothivory #ivory #carving #japanesegod #sculpture #art  #collection {{URL}}" 
"110","Asian Art in London soon! Ivory Shibayama Fruit on sale - Bulstrodes #lotoftheday {{MENTION}} {{URL}} {{URL}}" 
"111","This is the kind of unconditional love for animals that should be in all of us. Then none of us would buy ivory,... {{URL}}" 
"112","{{MENTION}} how do I close a bank account in India, when I'm in Singapore, can I give the account closing request to a Singapore branch?" 
"113","The Ivory Education Institute attends CITES meetings to remind the world that ivory is a unique and historically vital material and that ivory is not exclusively produced by elephants, but is also a product of walruses, narwhals, boars, warthogs, hypos, whales and mammoths." 
"114","RT {{MENTION}}: If you‚Äôre looking to upgrade your mask game and protect yourself, please visit and find a location near you: {{URL}}" 
"115","STAR LOT: A good Japanese Shibayama inlaid ivory two-fold table screen (Tsuitate), Meiji period, inlaid in ivory, red lacquer and mother-of-pearl...

Consigned for sale in Winchester, sold in Wisborough Green for ¬£7,600.

{{MENTION}} {{URL}}" 
"116","RT {{MENTION}}: A #Victorian #ivory &amp; mercury Elliot Bros desk thermometer {{URL}} #Antiques #Office #GiftIdeas {{URL}}" 
"117","RT {{MENTION}}: That there is a Starship Enterprise implies the existence of a Starship Pro and a Starship Free" 
"118","We love #Chinese #Antiques from #statues #carved figures, #vases, #whiteceramics #carved ivory #jade keep them coming!" 
"119","Excited to share the latest addition to my #etsy #etsycanada #etsyjewelry shop: #Vintage #MicroMosaicBrooch #etsySALE #ItalianJewelry #FloralMosaicBrooch #Italian Mosaic Pin, #CrowVanity Jewelry, #FreeShipping Sale #christmas #birthday #artnouveau {{URL}} {{URL}}" 
"120","RT {{MENTION}}: Lot of 9 - Grey Size Small 'Custom Chrome' 1/4 Zip Up Sweater - NEW!!! {{URL}}" 
"121","Something different: Letter Opener &amp; Magnifying Glass Set. Mammoth ivory inlaid with cocobolo, ebony, &amp; other woods {{URL}}" 
"122","Vintage Colonial 3 Blade Pocket Knife High Carbon Steel USA Electrician Tool {{URL}} {{URL}}" 
"123","one person unfollowed me // automatically checked by {{URL}}" 
"124","Good luck to FACT (Friends of Antique Cultural Treasures), who are challenging the Ivory Act in the Court of Appeals today on behalf of ivory dealers and collectors #ivoryban #ivoryact" 
"125","RT {{MENTION}}: Our hospital is full, our morgue is full, we are trying to run our ER with 2 RNs (üôãüèΩ‚Äç‚ôÄÔ∏è+ 1), I have bruises on my hands‚Ä¶" 
"126","{{MENTION}} There‚Äôs my name. Before I stole your P." 
"127","Museum quality Mammoth ivory Netsuke of ‚Äì 5 Mice And Mask Head. Amazing art creation on the tiny Mammoth Ivory Tusk scrap.
Just imagine that this scene is carved on piece that smaller than a lighter.

{{URL}}

#sculpture #ivoryart #ivory #carving #mammothivory {{URL}}" 
"128","The Kendall Infinity Cowl in Ivory  {{URL}}" 
"129","RT {{MENTION}}: Behold the worlds first ever TXT message sent about a Bengals playoff win. Congrats #bengals #NFLPlayoffs #NFL {{URL}}" 
"130","XIX century sculptured philippine #shell.
#vintage #modern #vintageshop #deco #decoration #ElRastro #Madrid #style #instadecor #instaantiques #interior #design #inspiration #interiors #homedecor #antiquesdealersofinstagram #antiqueshop #art {{URL}}" 
"131","Mammoth Ivory Jewelry ‚Äì Dragon Ring

This hand made Mammoth Ivory Jewelry was hand made by top artist.

{{URL}}

#dragon #ivory #mammothivory #art #jewelry #masterpiece {{URL}}" 
"132","{{MENTION}} You and the team do a fantastic job üëè" 
"133","Sumptuous Ivory Silk Quilt Bedspread {{URL}} {{URL}}" 
"134","RT {{MENTION}}: 1973-74 KAWASAKI KX 125 250 400 450 KT 250 FUEL CAP RARE WHITE NOS OEM 51049-022 {{URL}} {{URL}}" 
"135","{{MENTION}} And on a lighter note, I feel like you and {{MENTION}} should totally be friends." 
"136","RT {{MENTION}}: More than 650 Philly police officers are unavailable for duty because of injuries. But some blatantly work second jobs, an‚Ä¶" 
"137","Ebony &amp; ivory tribal drum miniatures c1930 #artdeco #tribalart #ebonycarvings #ebonyivory‚Ä¶ {{URL}}" 
"138","You can buy this beautiful work of¬†The Dragon And Phoenix on a wooden plank carefully sculpted with original mammoth ivory.

Christmas Sale Upto 20% Off
Buy Now @ {{URL}}

#MammothIvorySculpture #MammothIvory #IvoryAndArt #ChristmasSale #HolidayShopping {{URL}}" 
"139","The weird, the wonderful and the macabre. Our 20/21 May auction, including the contents of Astley Townhouse, includes some of the most unusual and bizarre items we have ever seen. Featured - A Meiji period carved ivory human skull, snake and skeleton netsuke ¬£800-1,200 {{URL}}" 
"140","Chinese Carved Ivory &amp; Wood Card Cases. {{URL}}" 
"141","In TOMORROW‚Äôs Weekly Sale a large selection of Ercol Windsor elm furniture.

#ercol #ercolfurniture #gorringes #auctionhouse #antiques #collectables #canaletto #fineart #clocks #objectsdart¬†¬†#jewellery #jewelry #silver #watches #decorativearts #medals #auctions #auctionsales {{URL}}" 
"142","RT {{MENTION}}: Each map in this story shows the rise ‚Üë or fall ‚Üì in percentage terms of a county‚Äôs total acreage devoted to corn, soybe‚Ä¶" 
"143","Growth is going from #therapy every week to every other week. 
#MentalHealthMatters #Mentalhealth" 
"144","RT {{MENTION}}: What were the {{MENTION}} up to at E3? Hustling like they do to bring you good stuff like this Best of E3 video. Respect. ht ..." 
"145","RT {{MENTION}}: #Halloween decor. Described as an ""Ivory memento mori, South German,17th c. the articulated ivory skeleton in an eboni‚Ä¶" 
"146","I just opened a mystery potion in Agario and won amazing rewards. Come and play to win unique mystery skins! {{URL}}" 
"147","Meissen Porcelain Figurine The Drummer From Meissen Monkey Band 

Offer Link: {{URL}}

#Mammoth #ivory #warriors #tusk #qiang #Ivoryandart #art #sculpture #sculptures #homedecor #homedecoration #summersale #summersales {{URL}}" 
"148","RT {{MENTION}}: I‚Äôm not accepting weird friendships or people acting weird towards me in this new year. I‚Äôll never talk to u again." 
"149","19TH CENTURY HAND PAINTED MINIATURE PORTRAIT ON IVORY BY OLGA PERIN {{URL}}" 
"150","RT {{MENTION}}: I wrote about the revival of the EARN IT Act, which is bad and should go away

{{URL}} {{URL}}" 
"151","{{MENTION}} At first I was surprised by {{MENTION}}‚Äôs support for Rogan , but then I realized that he is exactly the type of person who would 1) Take advice from a meathead. 2) Take any opportunity to promote his horrible tequila." 
"152","RT {{MENTION}}: A very unusual large signed #Japanese #Meiji period wood and ivory okimono of a group of carousing skeletons, 19in x 9.7‚Ä¶" 
"153","I am selling my beautiful piano if anyone is interested. Its loved but gets little playing attention - sob.  Mahogany, iron frame and ivory keys. Stamped for 1921. In fine condition. Regularly tuned. Purchased 8... {{URL}}" 
"154","RT {{MENTION}}: . {{MENTION}} 
LIVE #Auction 8th Nov @ 9:30am GMT
View all the catalogues &amp; bid LIVE from home here: {{URL}}" 
"155","Join me in supporting the Anpetu Wi wind farm {{MENTION}} {{URL}}" 
"156","S/4625 Antique Treen Early 19th Century Circular Trinket Box

A good quality and interesting Regency Period circular trinket box, having a rounded and fitted lid and base with ivory banding that is made up of various different woods throughout. 

{{URL}} {{URL}}" 
"157","#STARSANDSTRIPES Wishing all our #American clients and friends a very happy #Thanksgiving. Featured lots: 1096, 1086 &amp; 1170 from the #Christmas Gifts online auction. Bid until 10am on 2nd December: {{URL}} {{URL}}" 
"158","Excited to share the latest addition to my #etsyvintage shop #Vintage #HandCarved #Ivory #RoseBrooch #FineJewellery #24ktGold #Wellsjewelry #Collectible #Heirloom #Weddingjewelry {{URL}} {{URL}}" 
"159","Portrait of a young girl by Anne Mee from 1805 will be banned by #hb5578 #gunrights #infowars #saveelephants #ivory {{URL}}" 
"160","SOLD in yesterday‚Äôs Weekly Sale for ¬£3,200 - Lot 601 , English School (19th century), oil on canvas.
(reputedly Thomas Sheridan, father of Jane Georgiana Seymour, Duchess of Somerset (1809-1884) #englishschool #oiloncanvas #portrait #gorringes #auction {{URL}}" 
"161","Fine Jewellery entries invited for our Winter Sale.

Gorringe‚Äôs Winter Fine Sale Tuesday 7th December. Entry deadline 17th November.

{{URL}}

#consign #gorringes #jewellery #jewelry #finejewelry #finejewellery #antiquejewelry {{URL}}" 
"162","{{MENTION}} {{MENTION}} Yes, log in with the same shared credentials on both phones." 
"163","A large 19th century Japanese carved and panelled ivory and bone shrine. Islamic and Oriental 15 September. Estimate: ¬£400-600 {{MENTION}} {{URL}}" 
"164","{{MENTION}} {{MENTION}} {{MENTION}} {{MENTION}} Till they got A350, they were an almost all Boeing fleet for many years and Douglas before it. (some MD-11 and De Havilland props inbetween)" 
"165","Man Fong Lee (1913-1988)
Peace Conference. {{URL}}" 
"166","Excited to share the latest addition to my #etsy #etsyjewelry #etsycanada shop: #Vintage #Unicorns #Earrings #Pewterearrings #LoopEarrings #UnicornEarrings #CrowVanity #Jewelrysale #FreeShipping Sale #pewter #christmas {{URL}} {{URL}}" 
"167","Look forward to a busy week {{MENTION}} #olympia #ivory #masterpiece #londonartweek #westminstercouncil #crunchtime" 
"168","Early XX century metal #square shelf.
#vintage #modern #vintageshop #deco #decoration #ElRastro #Madrid #style #instadecor #instaantiques #interior #design #inspiration #interiors #homedecor #antiquesdealersofinstagram #antiqueshop #art {{URL}}" 
"169","{{MENTION}} Super cool! Thanks! Last time I funded something on such a platform it was {{MENTION}} and Wasteland 2. Fun party :)" 
"170","Report shows poached ivory goes to Asia, not the U.S #ivoryboondoggle #ctbudget #cpolitics {{URL}} {{URL}}" 
"171","Mammoth Ivory Masterpiece Netsuke ‚Äì Father &amp; Son with a Fish
The relationship between father and son is a classic and timeless relationship worthy of artistic interpretation.

{{URL}}

#masterpiece #sculpture #art {{URL}}" 
"172","Mammoth Ivory Figurine ‚Äì Two Japanese Geishas
This is a very high quality mammoth ivory carving of two half naked Japanese Geishas
This Erotic Figurine is Hand carved by Master Carver to perfection.

{{URL}}

#geisha #art #mammoth #mammothivory #erotic {{URL}}" 
"173","{{MENTION}} No Kidding...and kids could stay out without parents just as long as they were home when the street lights came on (at least that was the rule in Nebraska and Kansas back in the day)." 
"174","{{MENTION}} happy birthday!" 
"175","Check out this item in my Etsy shop {{URL}} #prebanivory #ivoryjewelery #vintageivory" 
"176","If buffalo was endangered would be ban moccasins?  No on HB5578, #IVORY boondoggle {{MENTION}} {{MENTION}} {{URL}}" 
"177","Remember when lice was the worst thing kids could bring home? I miss those days. {{URL}}" 
"178","29 Mei 2010! Official release of the Mammoth Ivory website!" 
"179","Antiques Atlas - Antique Royal Worcester Blush Ivory Vase And Cover {{URL}} via {{MENTION}}" 
"180","{{MENTION}} Glad to hear you‚Äôre okay bud!!!" 
"181","Amazingly Antique French 5 lite Girandole Candelabra lamp now on eBay. This lovely completely re-wired, 
 re-strung, re-hickeyed, 5 candle cover replaced, and handmade French crown light bulbs shades. Dripping with Czech Crystals-GORGEOUS-this is heavy! {{URL}}" 
"182","Designing a new website for Mammoth Ivory" 
"183","I just made $612 today working a few hour from home  {{URL}}" 
"184","My son just told me that Maui ate his dinosaurs and coffee for breakfast. Three is a magical age." 
"185","You can buy this gorgeous carving of elephant herd roaming in the jungle carefully sculpted with original mammoth ivory.

Christmas Sale Upto 20% Off
Buy Now @ {{URL}}

#MammothIvorySculpture #MammothIvory #IvoryAndArt #ChristmasSale #HolidayShopping {{URL}}" 
"186","Antique 1920's Durham Duplex Straight Razor - French Ivory Celluloid Handle PAT USA May 28, 07 {{URL}} {{URL}}" 
"187","Damn {{MENTION}}, it's glaringly obvious that when you acquired {{MENTION}} the first people you let go was the cust service staff. Long lines for in person support shouldn't take over 45 min and feel as cold as ice. #disappointed" 
"188","3 of our fantastic Indian Ivory Miniatures available on our website #ivory #indian #antiques {{URL}} {{URL}}" 
"189","RT {{MENTION}}: A stianed ivory chess set #Antiques from Everitt and Rogers Limited {{URL}}  {{MENTION}} {{URL}}" 
"190","Epic gender reveal! Congrats Chuy and Abby cc {{MENTION}} {{URL}}" 
"191","{{MENTION}} Thank you. Not sure what I did but I will take it." 
"192","Happy Halloween from Woolley &amp; Wallis. Featuring lot 325; a large and impressive Myochin iron articulated model of a #snake, signed #Myochin, 127cm. View the full #Japanese Works of Art catalogue here: {{URL}}
#Halloween #woolleyandwallis {{URL}}" 
"193","The Russians also fiercely opposed to any restrictions on wooly mammoth trading, did not even bother meeting with Israel on the grounds that they remained opposed to CITES having anything to do with mammoth ivory." 
"194","Art Deco shagreen and ivory travel desk clock. Art Deco shagreen and ivory travel desk clock. The sh {{URL}}" 
"195","Antiques Atlas - A Royal Worcester Blush Ivory Pedestal Lidded Vase {{URL}} via {{MENTION}}" 
"196","Excited to share the latest addition to my #etsy #etsyjewelry #etsycanada shop: #Vintage #Owls #owlEarrings #Cloisonn√© Owl #retroEarrings #CrowVanity #Jewelry #FreeShipping #etsySale #birthday {{URL}} {{URL}}" 
"197","Vintage Camillus New York USA #21 Cattle Bone 2 Blade Serpentine Pocket Knife {{URL}} {{URL}}" 
"198","Vintage Carborundum Razor Honing Sharpening Stone in Leather Pouch Case Niagara Falls NY Abrasives Hone {{URL}} {{URL}}" 
"199","In this weeks 'Auctioneers Mantlepiece' we dip into the difficult world of ivory antiques.  {{URL}} #ivory #IvoryBan #UKIvoryAct {{URL}}" 
"200","{{MENTION}} Or we'll shoot you. No wait, you're under arrest. I mean, can I see your ID? You can't be standing there, this is private property. Shut up or I'll tase you. You talkin' to me?" 
"201","Mammoth Ivory Carvings now online! Check it out! {{URL}}" 
"202","You can buy this beautiful, yet unique work of Meditating Seated Buddha carefully sculpted with original mammoth ivory.

Christmas Sale Upto 20% Off
Buy Now @ {{URL}}

#MammothIvorySculpture #MammothIvory #IvoryAndArt #IvoryAndArt #christmassale #HolidayShopping {{URL}}" 
"203","RT {{MENTION}}: After a court hearing Huma's mother Nagina Younas asks, should Christian mothers kill their daughters if conversion and ki‚Ä¶" 
"204","SOLD in today‚Äôs Book Sale for ¬£10,000
Lot 72 , Repton, Humphry - Sketches and Hints on Landscape Gardening, oblong folio, calf gilt, with 10 hand-coloured plates with overslips, and 6 uncoloured plates, 4 with overslips, London, [1794]
#repton #landscapegardening #sold #gorringes {{URL}}" 
"205","Vintage Ivory Linen Drawn Work Handkerchief w/Flowers, Wedding Bridal Ladies Collectible Hankie Hanky by GracesVintageGarden {{URL}}" 
"206","Mammoth Ivory Netsuke ‚Äì Lohan Riding Dragon

This pattern is known in Shaolin Kungfu as ‚ÄúLohan Riding Dragon‚Äù (‚ÄúLor Hon Kea Loong‚Äù). You can then strike him on his head or chest.

{{URL}}
#netsuke #mammoth #mammothivory #ivory #art #artcreation #dragon #asia {{URL}}" 
"207","RT {{MENTION}}: We were lucky to have {{MENTION}} from the {{MENTION}} shed light on the complicated media landscape we live in, namely: how do w‚Ä¶" 
"208","Mammoth Ivory Netsuke ‚Äì The Sculpture

This outstanding #netsuke is a proud member of our MASTER Pieces Netsukes collection. 
#handcarved by Master Carver. 

{{URL}}

#mammoth #mammothivory #ivory #sculpture #netsukemastercollection
#netsuke_art #art #collection {{URL}}" 
"209","RT {{MENTION}}: Rare 15.5cm wide Roman carved ivory relief dating to the 2nd-3rd century AD, depicting a drunken‚Ä¶ {{URL}}" 
"210","RT {{MENTION}}: Native Nations reach $590 million settlement with opioid manufacturers and distributers for their role in the opioid cris‚Ä¶" 
"211","Hot as FUUUCK {{URL}}" 
"212","Mammoth Ivory Carved: {{URL}} via {{MENTION}}" 
"213","Preiss bronze and ivory, Bathers, circa 1925, sold for $50,000 in 2013, now BANNED in the U.S. RT #artdeco #auction {{URL}}" 
"214","Mammoth Ivory Tusks are absolutely legal worldwide. You can read more about Mammoth Ivory in our education Center.

Click here to read more: {{URL}}" 
"215","RT {{MENTION}}: This ornate comb was made from elephant ivory in Northern Italy during the early 15th century. Combs, gravoirs and mir‚Ä¶" 
"216","Mammoth Ivory Netsuke ‚Äì TWIN OWLS

This outstanding Netsuke made of 100% genuine Mammoth ivory Tusk &amp; made out from the best grade of mammoth ivory tusk.

{{URL}}

#sculpture #ivory #mammothivory #art #workart #netsuke #carving {{URL}}" 
"217","RT {{MENTION}}: Waddle üêß
Waddle üêß

#FinsUp x #DolphinsElevator {{URL}}" 
"218","{{MENTION}} I believe we should destroy any ivory illegally being sold &amp; tax sales of antique ivory &amp; give the money to the conservationists" 
"219","Antique Ivory Tape or Battenberg Lace Handkerchief, Victorian Wedding Bridal Collectible Hanky Hankie by GracesVintageGarden {{URL}}" 
"220","Screw workkk today :( I hate waking up in the rain - this news article is so motivational!! {{URL}}" 
"221","Original 1956 GPO 332L &amp;#039;Exchange&amp;#039; Vintage Ivory Bakelite Telephone. Converted  {{URL}} via {{MENTION}} #ebay #bakelite #ivorytelephone #GPO" 
"222","RT {{MENTION}}: When history meets technology. {{URL}}" 
"223","RT {{MENTION}}: Disney Frozen Keychain ANNA Princess 2.75"" Plastic Figure 2017 Keyring - NEW {{URL}} {{URL}}" 
"224","An extremely amazing Mammoth ivory Netsuke of the Seven Lucky gods(Or Japans‚Äô Seven Gods of Fortune) in a bottle Guard.

{{URL}}

#handmade #ivory #sculpture #carving #tusk #art {{URL}}" 
"225","Family Fun at the The French Bedroom Company! 
Georgia's (not so little) boy JakJak on our brand new Oversized Giant Cockerel Ornament in a Distressed Gold and Ivory Finish. {{URL}} {{URL}}" 
"226","An Inuit serpentine carving circa 1950s of the improbable narwhal. Each sinuous fold has been lovingly and expertly carved. The narwhal's single twisted tusk is  carved from ivory. Signed in Inuktitut syllabics by the artist.

Dimensions: 17"" x 11.5"" x 7""

{{URL}} {{URL}}" 
"227","A Victorian ivory cane handle modelled as a greyhound.
{{URL}} @ London,‚Ä¶ {{URL}}" 
"228","Look at this fascinating and enchanting work Padmapani Buddha Statue carefully sculpted with original mammoth ivory.

New Year Sale Upto 20% Off
Buy Now @ {{URL}}

#MammothIvorySculpture #MammothIvory #IvoryAndArt #NewYearSale #HolidayShopping {{URL}}" 
"229","I wish the twitter team the best of luck and trust that they will be successful in continuing to develop this important communication tool." 
"230","Used Vietnam US Army 7th Infantry Division Subdued Patch U.S. Military {{URL}} {{URL}}" 
"231","Buddha carving from ivory mammoth {{URL}}" 
"232","Whats the name of this anti-war, anti-nwo band with the middle-eastern riffs? (live at {{URL}})" 
"233","She‚Äôs about 3 years old, and decided a couple of weeks ago to just move in. She‚Äôs a sweet gal, so I guess she‚Äôs staying ü§∑üèª‚Äç‚ôÄÔ∏èüòÇ {{URL}}" 
"234","{{MENTION}} Could have and still could buy {{MENTION}} - HNY sir." 
"235","That's a bunch of ""fucks"", but I'm in a rush to sign out of here and go have lunch with Kristina and the cats.

See you on the other side, I hope." 
"236","Polychrome &amp; gilded Delftware Fountain with lid and spout att. Jacobus Halder, De Grieksche A in 1766

Description

This polychrome fountain with lid, brass and original ivory spout, is decorated with prince William‚Ä¶ {{URL}}" 
"237","Captivating high quality mammoth ivory carving of a bear family laid on teak wood
{{URL}} {{URL}}" 
"238","Vintage North American Hunting Club Eagle Zipper Pull Key Fob Key Chain {{URL}} {{URL}}" 
"239","What do you want to share?follow me on twitter {{MENTION}}" 
"240","Drinking a Bourbon County Brand Fourteen Stout (2021) by {{MENTION}} @ 3rd Planet Brewing - The Mothership ‚Äî {{URL}}" 
"241","{{MENTION}} being in a relationship. üòÇ" 
"242","RT {{MENTION}}: So {{MENTION}} and {{MENTION}} of Third Bass appear to be the people in charge of {{MENTION}}, stealing music/selling it as‚Ä¶" 
"243","Here‚Äôs Clifford‚Äôs Fine Sale Preview Video {{URL}} #gorringes #fineart #auction #canaletto {{URL}}" 
"244","I just discovered this on Poshmark: B. Makowsky ivory leather top zip shoulder bag. {{URL}} via {{MENTION}}" 
"245","Exquisite French #ivory fan circa 1850, banned under hb5578 RT {{MENTION}}  {{MENTION}} {{MENTION}}@SharkBits88 {{URL}}" 
"246","Look at this illustrious yet overwhelming creation of these Mythical Figurines of Eight Deities sculpted with original mammoth ivory.

New Year Sale Upto 20% Off
Buy Now @ {{URL}}

#MammothIvorySculpture #MammothIvory #IvoryAndArt #NewYearSale #HolidayShopping {{URL}}" 
"247","Mammoth Ivory Netsuke ‚Äì On The Bridge

This is Mammoth Ivory Netsuke of Bridge Scene Breathtakingly beautiful with bold, defined strokes, capturing the expression of the Japanese people that are on the bridge.
{{URL}}

#ivory #sculpture #mammothivory #netsuke #art {{URL}}" 
"248","Looking for positive attitude and the ‚Äúnothing is impossible‚Äù-mindset, look no further, see this documentary about {{MENTION}} and how he and his team claimed all 14 peaks over 8000m in 7mo. (My Everest and two others in 48h) {{URL}}" 
"249","it‚Äôs {{MENTION}} {{URL}}" 
"250","$102.82 this week! This is how I now make a part time income... You can too &gt;&gt; {{URL}}" 
"251","Vintage Ivory Linen Handkerchief Brussels Style Lace, Wedding Bridal Ladies Collectible Hankie Hanky by GracesVintageGarden {{URL}}" 
"252","RT {{MENTION}}: We should have public snow removal from sidewalks.

Currently, we are placing undue burdens on pedestrians, especially t‚Ä¶" 
"253","{{MENTION}} Ngl that looks good" 
"254","Vintage Hammer Brand Two Blade Pocket Knife Folding Black Silver Red Celluloid 1940s {{URL}} {{URL}}" 
"255","RT {{MENTION}}: A fine selection of 19th century #Chinese and #Japanese carved #ivory #figures/items. ISLAMIC &amp; ORIENTAL 29 JULY {{MENTION}}‚Ä¶" 
"256","*179th (Jan 2022) edition of eMagazine PreSense*
Editorial on {{MENTION}}  breach of security  +   making of Indian Constitution  +  Exciting story of Arya Bhashyam who hoisted Indian tri-colour  on 26th Jan 1932
{{URL}}

{{MENTION}}  {{MENTION}} {{URL}}" 
"257","Look at this excellent, exquisite work of Bonsai tree with duck twins on a picket plank fastidiously carved with mammoth ivory.

New Year Sale Upto 20% Off
Buy Now @ {{URL}}

#MammothIvorySculpture #MammothIvory #IvoryAndArt #NewYearSale #HolidayShopping {{URL}}" 
"258","As one of the four creatures of the world‚Äôs directions, the Dragon stands for new beginnings. The Dragon also has the power to release water to parched lands, and which in turn stands for abundance and relief. 

{{URL}}

#dragon #newbeginnings #ivory #mammothivory {{URL}}" 
"259","RT {{MENTION}}: NEW Used Tack Saddle Bags leather rough out, Western gift, Black Motorcycle bags {{URL}} {{URL}}" 
"260","RT {{MENTION}}: Have sore throat fever but rapid test is negative. What next?

You‚Äôre likely COVID+. Do one of the following:

1. Repeat‚Ä¶" 
"261","RT {{MENTION}}: 'Fast &amp; Furious 7' Producer -- Movie Will Have To Wait -- It's Time To Grieve {{URL}}" 
"262","You can buy this enchanting and enthralling Masterpiece Carving of A Pig on a wooden plank by authentic Mammoth Ivory.

New Year Sale Upto 20% Off
Buy Now @ {{URL}}

#MammothIvorySculpture #MammothIvory #IvoryAndArt #NewYearSale #HolidayShopping {{URL}}" 
"263","Anyone getting married? Look at the stones on that beauty? Are you worth it? seller {{URL}} on eBay - 
won't last at the price listed for. 18Kt WGold approx.-6 grams of Gold {{URL}}" 
"264","Original 1957 GPO 332L Vintage Ivory Bakelite Telephone. Converted &amp;amp; Working {{URL}} via {{MENTION}} #vintage #bakelite #ivorytelephone" 
"265","RT {{MENTION}}: . {{MENTION}} 
LIVE #Auction 25th Oct @ 9:30am BST
View all the catalogues &amp; bid LIVE from home here: {{URL}}" 
"266","Collection of Antique Ebony &amp; Ivory Dominoes available at {{URL}}. {{URL}}" 
"267","Well Crafted Bronze Bull Rested on Semi Precious Stone Base

This sculpture depicts charged bull ready to swing to action. This work is 100% bronze polished and finished. 

{{URL}}

#sculpture #art #bronze #bronzesculpture {{URL}}" 
"268","High quality mammoth ivory carving of a family of rabbits eating carrots laid on teak wood
{{URL}} {{URL}}" 
"269","{{MENTION}} I asked myself the same question but only because the series finale was so terrible, it makes the other 179 episodes pointless lol" 
"270","Discover #Europe as it blooms into colour with our Flowers and Gardens Holidays! A treat for the eyes, visit the renowned #KeukenhofPark or explore the incredible #FloriadeExpo ‚Äì a once a decade event! Book your springtime escape today &gt; {{URL}} {{URL}}" 
"271","#Painting representing  a #Moroccan scene, signed PSNVERS
#vintage #modern #vintageshop #deco #decoration #ElRastro #Madrid #style #instadecor #instaantiques #interior #design #inspiration #interiors #homedecor #antiquesdealersofinstagram #antiqueshop #art {{URL}}" 
"272","A superb 18th century European carved ivory dish. 11¬Ωin wide. Fine Antique 16 September. Estimate: ¬£1500-2000 {{MENTION}} {{URL}}" 
"273","You can buy this stunning as well as a magnificent statue that features an eagle perched on rock above canyon made of mammoth ivory.

Christmas Sale Upto 20% Off
Buy Now @ {{URL}}

#MammothIvorySculpture #MammothIvory #IvoryAndArt #ChristmasSale #HolidayShopping {{URL}}" 
"274","my mom had a debilitating case of tuberculosis in india, and she calls it her ""first pandemic"" {{URL}}" 
"275","omg havent been on this in ages haha and i havent a clue what to say :P" 
"276","Legal Mammoth Ivory Carving of Fisherman

Special Offer Link: {{URL}}

#Ivoryandart #art #sculpture #sculptures #homedecor #homedecoration #summersale #summersale {{URL}}" 
"277","You can buy this antique carving of Lions And Rhino handcrafted statue produced using with the finest Mammoth Ivory.

Christmas Sale Upto 20% Off
Buy Now @ {{URL}}

#MammothIvorySculpture #MammothIvory #IvoryAndArt #ChristmasSale #HolidayShopping {{URL}}" 
"278","RT {{MENTION}}: Atq ""KING KALAKAUA OF HAWAII"" Royal Book of Autographs 2 Crests-QUEEN EMMA Photo {{URL}} {{URL}}" 
"279","Federal chest from Portsmouth, sold by Skinner for $270,000, banned if MA hb1275 passes {{MENTION}} #ivory #antiques {{URL}}" 
"280","{{MENTION}} Shine on you crazy diamond..." 
"281",".{{MENTION}} and {{MENTION}}: This is SHAMEFUL! Anti-#LGBT guidance is an affront to American values. {{MENTION}} {{MENTION}}" 
"282","WE ARE RECRUITING ADMINISTRATION STAFF
For more information please contact
Natalie Milsted | nm@woolleyandwallis.co.uk | 01722 424599 | 51-61 Castle Street, Salisbury, Wiltshire, SP1 3SU #recruitment #salisburyjobs #jobsinsalisbury #salisbury #auctionjobs #staffwanted {{URL}}" 
"283","Vintage Faded Gold Tone Silver Tone  Oval Tie Clip Tie Bar {{URL}} {{URL}}" 
"284","You can obtain this glorious carving of Laughing¬†Buddha twiddling with 2 kids rigorously carven with original mammoth ivory.

New Year Sale Upto 20% Off
Buy Now @ {{URL}}

#MammothIvorySculpture #MammothIvory #IvoryAndArt #NewYearSale #HolidayShopping {{URL}}" 
"285","You can buy this gorgeous, yet exotic work of Two Rabbits eating carrot on a wooden plank carefully sculpted with original mammoth ivory.

New Year Sale Upto 20% Off
Buy Now @ {{URL}}

#MammothIvorySculpture #MammothIvory #IvoryAndArt #NewYearSale #HolidayShopping {{URL}}" 
"286","RT {{MENTION}}: A superb 19th century Vienna ivory and enamel table casket. 16in tall. Fine Antique 16 September. Estimate: ¬£20,000-30,0‚Ä¶" 
"287","Today, I listen to a new track like ‚ÄúCorridors of Power‚Äù, LOUD, and think - this is as good as anything. Thank you {{MENTION}} {{URL}}" 
"288","{{MENTION}} Relevant you web3 point that centralization moves faster than protocols {{URL}}" 
"289","OGP The latest from {{MENTION}}
OGP member's collections
- A modern metal wall sculpture by Jon Allen
- An original painting by Carne Griffiths
- A Zitan wood &amp; ivory carving Buddha statue
- A set of Chinese classical styled armchairs and end table
{{URL}} {{URL}}" 
"290","This whole Crisis Text Line story is truly bizarre. The poor judgement involved boggles the mind. {{URL}} {{URL}}" 
"291","A pair of #ivory africans sculptures, #France 70s
#vintage #modern #vintageshop #deco #decoration #ElRastro #Madrid #style #instadecor #instaantiques #interior #design #inspiration #interiors #homedecor #antiquesdealersofinstagram #antiqueshop #art {{URL}}" 
"292","RT {{MENTION}}: üö®Culture Cards x {{MENTION}} Giveaway!!üö®

üí∞4 Culture Cards #NFTs + 250K $DMR to winners!üíé

ü•á1 Winner GOLD Big Pun NFT + 1‚Ä¶" 
"293","Just arrived!! New Mammoth Ivory Carvings  {{URL}}" 
"294","Participated in my first Polar Plunge yesterday. 5 degrees and snowing. Great event, benefitting Special Olympics Iowa" 
"295","Gorringe‚Äôs Auctioneers, are privileged to have been instructed to offer for sale on Tuesday December 7th - The Michael Farebrother collection of ¬†‚ÄòPapers Concerning H.M The Queen &amp; Her Family‚Äô offered for sale for the first time.
{{URL}} #gorringes {{URL}}" 
"296","Octagonal whale ivory sewing stand, 11¬Ω"" tall, brought $25,200 (est. $9000/12,000) at {{MENTION}} {{URL}} #antiques #antique #vintage #art #artist #Americana #ivory #whale #whales #sewing #folkart {{URL}}" 
"297","{{MENTION}} {{MENTION}} Lol you really think you did something huh smh" 
"298","{{MENTION}} UNA GRAN MENTIRA!!! A MI CEL LE DESC EL TMPO D LA GRAB EN BUZON DE VOZ, D HECHO DICEN: LA LLAMADA SE COBR AL TERM LOS TONOS" 
"299","Threats to kill üò≥ {{URL}}" 
"300","Photoshoot of the Mammoth ivory carvings" 
"301","Fisherman With Boy Sculpted in Mammoth Ivory

Buy this wonderful #Sculpture @ {{URL}}

#Ivoryandart #art #sculpture #sculptures #homedecor #homedecoration #summersale #summersales {{URL}}" 
"302","Selling 2 Leeds fest Sunday tickets dm #LeedsFestival" 
"303","The #Furniture, #WorksofArt &amp; #Clocks #auction is fast approaching on Wednesday 21st October.
This man in the mirror (lot 63) is a life-size 19th century pine artist‚Äôs lay figure admiring himself in an early 19th century trumeau mirror (lot 191). #woolleyandwallis {{URL}}" 
"304","Glorious Cats The Paintings of Lesley Anne Ivory 1989 Reprint
{{URL}}" 
"305","Mammoth Ivory Figurine -The New archery samurai kneeling

Genuine MAMMOTH IVORY FIGURINE portraying a Samurai kneeling down, about to shoot an arrow.

#artcollector #ivory #sculptures

{{URL}} {{URL}}" 
"306","PBS says ""#Antiques Roadshow"" is dropping appraisals of ivory tusks: {{URL}}" 
"307","We have yet another fabulous Weekly Sale coming up next Monday.
The auction is available to view on our website and bidding platforms {{MENTION}} {{MENTION}} 
Clifford‚Äôs Weekly Sale Preview Video is viewable on our website and our YouTube channel Gorringes TV. #gorringes {{URL}}" 
"308","Vintage North American Hunting Club Eagle Zipper Pull Key Fob Key Chain {{URL}} {{URL}}" 
"309","14th century French #ivory box, banned if hb5578 passes in CT. #gothic #themet #gunrights {{MENTION}}  #veto {{URL}}" 
"310","{{MENTION}} I'll allow it.  But you also have to look at the hideous 70s (?) era apartments in the OWS to see how Blah this can be, and how bad the response can be (OWS Association is absurd). Is there a good inbetween?" 
"311","Museum quality ‚Äì Mammoth Ivory Netsuke ‚Äì Three Monkeys In Boat 

This outstanding Netsuke is a proud member of our MASTER Pieces Netsukes collection, hand carved by Master Carver.

{{URL}}

#art #mammothivory #ivory #monkeys #netsuke #artworks #sculpture {{URL}}" 
"312","{{MENTION}} {{MENTION}} He didn't because team politics not only betrayed him but to nation also." 
"313","{{MENTION}} {{MENTION}} Federal law prohibits ivory now.  This law only extends to antiques and is opposed by museums, historical societies." 
"314","Soon! {{URL}} (Mammoth Ivory Carving) webshop online!" 
"315","El Cid gallery is an antique and art gallery.
We specialize in mammoth ivory carvings, porcelain and contemporanei‚Ä¶ {{URL}}" 
"316","Also same French Estate Import this lovely Antique French Ivory 1860s-1870s Pink Silk lined Box with Mirror, Brush and comb {{URL}}" 
"317","{{MENTION}} {{MENTION}} For a parody account, you need to make it more obvious this is a joke. Or else we all think you genuinely believe this liar pos is a good bloke." 
"318","Trump Taj Mahal's July revenue down while industry up in A.C. {{URL}} via {{MENTION}}" 
"319","wow...very beautiful {{URL}}" 
"320","Antiques Atlas - A Large Royal Worcester Blush Ivory Pot Pourri {{URL}} via {{MENTION}}" 
"321","Absolutely beautiful Beuchvishau ivory silk child's bridesmaid dress with green sash {{MENTION}} only ¬£14! üòç
#cornxchange #cornucopia #ivorysilk #bridesmaiddress #bridesmaid #bargain #harleston #norfolk‚Ä¶ {{URL}}" 
"322","Vintage Hammer Brand Two Blade Pocket Knife Folding Black Silver Red Celluloid 1940s {{URL}} {{URL}}" 
"323","Check this amazing Mammoth Ivory Chessboard {{URL}}" 
"324","{{URL}} üëàüëàüëà 
Lenox Pooh, Piglet, Tigger, Eeyore Birthday Celebration Teapot

Hand-painted ivory fine china accented with 24k gold.

Lenox and Disney Hallmark üòãüôåüåà #Lenox #gold #Eeyore #Teapot #Vintage #Ceramics {{URL}}" 
"325","Gary Williams sent us a fascinating portrait of chief Naiche on a piece of fossil walrus ivory. For sale: $1,750.00 {{URL}}" 
"326","RT {{MENTION}}: SOLD ¬£5,800 - Sarah Biffin (British 1784-1850) Portrait of a military officer, miniature, watercolour on ivory #auctio‚Ä¶" 
"327","{{MENTION}} {{MENTION}} {{MENTION}} {{MENTION}} {{MENTION}} The question to you is will there ever be that change you desire most for Nigeria? If yes, can you imagine how this would unfold? If no, then we are just in cycles!" 
"328","India Elephant Map #ivoryforelephants #stoppoaching #elephants for #ivory ! #animals #elephanttree {{URL}}" 
"329","I've just posted on my #ElCidGallery Blog about: Mammoth Ivory and Feng Shui {{URL}}" 
"330","Lovely little signed carved ivory Buddha figure #eclectic #antiques #alfiesantiques #London #ivory #Buddha {{URL}}" 
"331","Vintage North American Hunting Club Eagle Zipper Pull Key Fob Key Chain {{URL}} {{URL}}" 
"332","RT {{MENTION}}: 100k terminals shipped!
{{URL}}" 
"333","Dragon Sculpture in Mammoth Ivory

Special Offer Link: {{URL}}

 #Mammoth #ivory #warriors #tusk #qiang #Ivoryandart #art #sculpture #sculptures #homedecor #homedecoration #summersale #summersales {{URL}}" 
"334","Antique 1920's Durham Duplex Straight Razor - French Ivory Celluloid Handle PAT USA May 28, 07 {{URL}} {{URL}}" 
"335","So far I have seen real fighters on border to protect India... Now we have seen many real fighters inside India. Big salute to these fighters like Doctors, nurse, police, sweepers, media... This is called real INDIA. Thanks to all üôèüôè" 
"336","Vintage Silver Tone Half Round Mod Tie Bar Clasp Tie Clip {{URL}} {{URL}}" 
"337","{{MENTION}} {{MENTION}} Just been told by the BandQ CS advisor that his computer is down and will be fixed this Friday #disappointed" 
"338","Look at this intricate yet delicate creation of a Traditional Chinese Village with all Antique Idols with original mammoth ivory.

New Year Sale Upto 20% Off
Buy Now @ {{URL}}

#MammothIvorySculpture #MammothIvory #IvoryAndArt #NewYearSale #HolidayShopping {{URL}}" 
"339","Ending tomorrow, Wednesday 2nd December. #ChristmasGifts #bid #woolleyandwallis {{URL}}" 
"340","Our newsletter of new #scrimshaw is here! Many nautical pieces by Dupont on ancient walrus tusk ivory are featured. {{URL}}" 
"341","OGP The latest from {{MENTION}}
OGP MEMBER COLLECTIONS
- Avalokite≈õvara and LotusÔºöA traditional handmade Zitan wood and ivory carving Buddha statue
- Six ritual jades of Chinese zodiac, Shang dynasty (1600 ‚Äì c. 1046 BC)
{{URL}}
{{URL}} {{URL}}" 
"342","Legal Mammoth Ivory Tusk Carving of 3 Lucky Gods

Special Offer: {{URL}}

#Mammoth #ivory #warriors #tusk #qiang #Ivoryandart #art #sculpture #sculptures #homedecor #homedecoration #summersale #summersales {{URL}}" 
"343","Prost! Who said the ivory doesn't sell anymore? This wonderful German cold painted bronze and ivory figure by Ferdinand Preiss sold for ¬£12,000. {{URL}}" 
"344","‚ö±Ô∏è‚ö±Ô∏èShibayama Inlay (Shibayama Z≈çgan) is a lacquer art form distinguished by high relief carved inlays made from shell, coral, tortoiseshell, and ivory. Many gorgeous Shibayama crafts were exported during the... {{URL}}" 
"345","#letstrove Vintage French Ivory Dining Set all with beautiful shell and leaf carvings- a real statement piece for any dining room, which seats up to 10 people when fully extended!
{{URL}} 
#vintagediningset #frenchdiningset #frenchhome #frenchinteriors {{URL}}" 
"346","HB5578 makes no sense, poached ivory goes to China #ctbudget  {{MENTION}} {{MENTION}}
{{URL}} {{URL}}" 
"347","Museum quality Mammoth ivory Netsuke of Samurai Carrying Bag On His Shoulder. Where are the Samurai going to with his bag hanging on his shoulders, two swords in his belt &amp; a some kid of letter on his right hand.

{{URL}}

#netsuke #ivory #mammothivory #art {{URL}}" 
"348","Plaster #sculpture by #ArisRoskam, The Netherlands.
#Art {{URL}}" 
"349","March Estate Art, Antique, Maritime &amp; Modern Design TIMED ONLINE Auction - {{URL}} {{URL}}" 
"350","RT {{MENTION}}: Starting in one hour. Raising money for {{MENTION}} while playing some more #Fallout4 We hit our first milestone y‚Ä¶" 
"351","Mammoth Ivory Carvings Figurine of Japanese Samurai

Look at this mighty yet robust creation of Japanese Samurai Figurines on a Wooden platform precisely sculpted with original mammoth ivory.

{{URL}} {{URL}}" 
"352","{{MENTION}} {{MENTION}} Apple Music. ü§∑" 
"353","Holy Shit, its still here!" 
"354","Spanish Cabinet secrets
Fronts in ivory. High 150 cm width 90 cm
#antiques #antiquesinargentina {{URL}}" 
"355","I just completed {{MENTION}}‚Äôs quiz on Variables with 8/8 points. Can you beat my score? {{URL}}" 
"356","Such a wonderful vegan alternative to Ivory. No animals were harmed in the making of these earrings. X

#vegan #ivory #earlings #jewellery #sustainable {{URL}}" 
"357","Finally, our webshop Mammoth Ivory Carvings is online! Check it out! {{URL}}" 
"358","Visit us for our May exhibition in London this week. Enjoy this unusual black-glazed trompe l'oeil wall vase with faux-ivory celadon stand (Qianlong period) from the private collection of Baron 
Nathaniel de Rothschild.  
#asiaweek #london #littletonandhennessyasianart {{URL}}" 
"359","Antique Royal Worcester Blush Ivory Plate Hand Painted Flowers Gilded Rim, 1888 Victorian Porcelain by GracesVintageGarden {{URL}}" 
"360","The UK government has blocked the export of two Balthasar Permoser ivory statuettes. {{URL}} {{URL}}" 
"361","RT {{MENTION}}: Miniatures Painted On Ivory. 19th Century.
{{URL}}
{{MENTION}} 

1870s Naive Maritime Scene, Antiq‚Ä¶" 
"362","Marc Benioff discusses his early career, Salesforce's beginnings, &amp; improving the state of the world on Guy Kawasaki's Remarkable People podcast. {{URL}}" 
"363","You can buy this beautiful work of Lion King Sitting on his den on a wooden plank carefully sculpted with original mammoth ivory.

Christmas Sale Upto 20% Off
Buy Now @ {{URL}}

#MammothIvorySculpture #MammothIvory #IvoryAndArt #ChristmasSale #HolidayShopping {{URL}}" 
"364","Jan 27, 2021 (7 PM - 9 PM) - Resources for Small Business Owners {{URL}}" 
"365","Ivory Indo-Portuguese sculpture ‚Äì Goa, XVIIth¬†Century {{URL}}" 
"366","{{MENTION}} {{MENTION}} Jane‚Äôs is indeed a wonderful consignment shop! They focus on in-season and lightly-worn clothing, and I have bags of all-season and spring/ summer gear ‚Ä¶" 
"367","{{MENTION}} mammoth ivory facebook is awesom!" 
"368","This beauty fitted is the first of two this is the Ivory stovax Huntingdon 28 #stovax #chislehurst #kent #woodburners #multifuel #cosyfires {{URL}}" 
"369","Mammoth Ivory Netsuke ‚Äì 12 zodiac animals set ‚Äì Round Stand

This is a very high quality mammoth ivory carving netsukes of 12 Chinese Zodiac animals Set!

Check the link: {{URL}} {{URL}}" 
"370","Vintage The Ideal USA 2 Blade Black Pocket Knife {{URL}} {{URL}}" 
"371","#shagreen #ivory #artdeco #1920S #collectables #modernist #deco #interiors #interiordecoration #homedecor #vintage #jewellery #design #homedecor #home #beautiful #original {{URL}}" 
"372","RT {{MENTION}}: Today‚Ä¶ a (maskless) {{MENTION}} officer fails to remove DPW worker who has just *shoved* a guy and instead continues (with glo‚Ä¶" 
"373","1930's Celebrated Paintings and Interior Views of the US Capitol Folder Postcard 18 Lithograph Set Ephemera Americ {{URL}} {{URL}}" 
"374","You can buy this wonderful Chinese Philosopher Confucius Figurine holding a sword carefully sculpted with mammoth ivory.

Christmas Sale Upto 20% Off
Buy Now @ {{URL}}

#MammothIvorySculpture #MammothIvory #IvoryAndArt #IvoryAndArt #christmassale #HolidayShopping {{URL}}" 
"375","RT {{MENTION}}: A free sign-up to meet Donald Trump?

You know what to do‚Ä¶ {{URL}}" 
"376","Driving aroundd :P" 
"377","Excited to share the latest addition to my #etsy  #etsycanada shop: #StainedGlass #Goddess #Pregnant #Woman #BabyBump #Doula #Midwife #Earth #OriginalDesign #Handmade #Canada #christmas #purple #doulagift #midwifegift #birthgoddess #babyshowergifts {{URL}} {{URL}}" 
"378","A pair of #brass bar #stool, #70s
#vintage #modern #vintageshop #deco #decoration #ElRastro #Madrid #style #instadecor #instaantiques #interior #design #inspiration #interiors #homedecor #antiquesdealersofinstagram #antiqueshop #art {{URL}}" 
"379","{{MENTION}} It seems that the interest in these Netsuke will drop off soon since 90% of the antique ones are made of ivory and our silly government has agreed to ban the trade in these beautiful works of art" 
"380","You can buy this exclusive work of Chinese Rich Man Holding a Coin Carving on Mammoth Ivory

Christmas Sale Upto 20% Off
Buy Now @ {{URL}}

#MammothIvorySculpture #MammothIvory #IvoryAndArt #IvoryAndArt #christmassale #HolidayShopping {{URL}}" 
"381","RT {{MENTION}}: This astonishingly graceful work is the oldest known sculpture of a horse. It was crafted in mammoth ivory about 35,00‚Ä¶" 
"382","What happens with ideologues take over the regulatory state? Antiques become contraband {{URL}}  #gunrights #antiques #ivory" 
"383","Really amazing piece of art look how the octopus surround the mermaid &amp; it‚Äôs looks little beat erotic that the octopus insert his limbs under the mermaid skirt inlay-ed with red gestones &amp; give her a good time.

{{URL}}

#sculpture #octopus #Mermaid #ivory {{URL}}" 
"384","{{MENTION}} #BotecDoRatinho" 
"385","A superb 19th century Vienna ivory and enamel table casket. 16in tall. Fine Antique 16 September. Estimate: ¬£20,000-30,000 {{MENTION}} {{URL}}" 
"386","Hey everyone I made $386 today check out how I made it! {{URL}}" 
"387","{{MENTION}} {{MENTION}} {{MENTION}} {{MENTION}} {{MENTION}} This is insanity. What happens when permissiveness changes underlying behaviors. Brazenness becomes the norm. Hard to go back." 
"388","Tiffany #ivory and silver tankard, circa 1900, can be seized and destroyed under CT hb5578. #teaparty #libertarian {{URL}}" 
"389","{{MENTION}} {{MENTION}} Exactly..." 
"390","Nice piece featuring the amazing Dr. David Spiegel. My co-founder at {{URL}}. #hypnosisworks. #reverihealth.  {{URL}}" 
"391","OPEN today 10 am until 1 pm
419 CCPkwy Cape Coral Fl {{URL}}" 
"392","This is prob the coolest thing I‚Äôve seen for back country skiing {{URL}} prob something {{MENTION}} {{MENTION}} should know about." 
"393","Left Very a 1 star via {{MENTION}} ({{URL}}) - They responded asking for my phone number to ""put things right"", never called. TLDR: They sent me an empty box for a ¬£200 running watch, nearly 3 weeks later .. still not received a refund - {{MENTION}} {{MENTION}}" 
"394","RT {{MENTION}}: RARE ANTIQUE GERMANY PORCELAIN Ornate Demitasse ""Think of Me"" CUP SAUCER Luster {{URL}} {{URL}}" 
"395","Group of European ivory
animals playing
#antiques #antiquesinArgentina {{URL}}" 
"396","Good Morning Happy Birthday  to everyone! New old shipment has arrived we are having storewide CLEARANCE. No ""reasonable"" offer refused! {{URL}}" 
"397","Green &amp; White (Indian) #ivory #ChessSet. Complete &amp; in excellent condition. c1850. #Bath; #Antiques; #Chess; #ForSale; #QuietStreet {{URL}}" 
"398","You can buy this 11 faced and 46 hand idol of Lord Shiva carefully sculpted with original mammoth ivory. 

Christmas Sale Upto 20% Off
Buy Now @ {{URL}}

#MammothIvorySculpture #MammothIvory #IvoryAndArt #ChristmasSale #HolidayShopping {{URL}}" 
"399","Samurai With Sword Up- Mammoth Ivory Masterpiece

Product: {{URL}} {{URL}}" 
"400","USA loaded with ""ivory traffickers"" is oft-quoted.  2014 regulations made 99.9% of older previously legal ivory in U.S. suddenly illegal!" 
"401","You can buy this wonderful, yet unique work of A Chinese Old Man Holding Chinese Bayberry Fruit carefully sculpted with mammoth ivory.

New Year Sale Upto 20% Off
Buy Now @ {{URL}}

#MammothIvorySculpture #MammothIvory #IvoryAndArt #NewYearSale #HolidayShopping {{URL}}" 
"402","RT {{MENTION}}: introducing‚Ä¶ICON!! {{MENTION}}‚Äôs new lipstick collection üíãüíÑa curated range of 10 bold reds &amp; classic nudes. {{URL}}" 
"403","My cat just did a retweet." 
"404","Lot 375 - A silver presentation trowel with a superbly carved ivory handle- William Taylor for St Peters Church Preston. Hallmarked for London 1848 by Edward, John &amp; William Barnard #auction #antique #antiquesilver #silvercollection #silverdealer #churchillauctions {{MENTION}} {{URL}}" 
"405","Please sign this petition regarding Ivory laws, we all know how devastating it would be if the laws go through. #antiques #ivory #ivorylaws #Petition 

{{URL}}" 
"406","GEM 1920's Flip Top Single Edge Safety Razor Blade Made in Brooklyn, NY {{URL}} {{URL}}" 
"407","I was too tired to tweet about the TriNation game between NZ and AU once again. Have to hand it to the Wallabies. They really brought it. Hard fought and hard won. We'll get them next time. On to Argentina!" 
"408","Is there anything more unpatriotic than covering our lovely stars and bars with a deranged man-baby? 

[checks notes]

Yes, of course, my fault. Attacking our nation‚Äôs capital because your man-baby didn‚Äôt win is indeed more unpatriotic. {{URL}}" 
"409","{{MENTION}} These days $500k is just friends and family. Still have many millions to go :)" 
"410","{{MENTION}} Fascinating keepsake, further humanized by details like the torn brad holes and misspelling of ‚Äúdispensed‚Äù in the last line of text. What a find!" 
"411","Regency tea caddy, 19,20,21% ivory???  Save elephants w/o attacking antiques. No on hb5578 {{MENTION}} {{MENTION}} {{URL}}" 
"412","A Japanese Ivory netsuke, Signed Mitsuchika. {{URL}}
#japanese #ivory #antique #meiji {{URL}}" 
"413","Making money from home has never been so easy... Working about 3 hours a day {{URL}}" 
"414","{{MENTION}} {{MENTION}} I've been waiting 5 months for Wave support to follow up on some issues. I've emailed several times, but no movement. Can someone please make this a priority, it's very frustrating." 
"415","Louis Masriera pendant with ivory, circa 1910.  Oppose hb5578, Please RT #artnouveau {{MENTION}} {{MENTION}} {{URL}}" 
"416","This fine and unusual 19th-century white marble, ivory and ormolu mantel clock by Maple Co of Paris is coming up for sale in our Fine Art &amp; Antiques online auction this Thursday here at Dawsons.

Estimated to fetch between ¬£500-¬£700. {{URL}}" 
"417","Just a small collection of carved Ivory and Rhinoceros antiquities that was sold, paid and collected for in our latest fine art auction. Despite the potential ban, the market is still strong for these wonderful works of art. {{URL}}" 
"418","RT {{MENTION}}: RARE ANTIQUE SITZENDORF COUPLE IN LOVE WHITE BLANC &amp; GOLD PORCELAIN FIGURINE 6"" {{URL}} {{URL}}" 
"419","Magnifying Glass Ivory  10 cm c.1890 {{URL}} via {{MENTION}}" 
"420","{{MENTION}} just watched ‚ÄúThe Courier‚Äù.  Nice work and an extremely fun movie.  Will there be a sequel" 
"421","Started rehearsals of Mario O'Hara's STAGESHOW.  Mario was able to attendthe reading rehearsals before he passed away 2 months ago." 
"422","Caveat: I take my phone to bed because I'm not a perfectly optimized person. But I plug it in, put it down, and pick up a physical book right away." 
"423","Discovering new adventures with {{MENTION}}. {{URL}}" 
"424","It's just snow people. It's not magic." 
"425","Used Vietnam US Army Ground Forces Command ForceCom Subdued Patch U.S. Military {{URL}} {{URL}}" 
"426","Weekly Sale starts at 9:30am - Lot 1 A 17th century caved panelled oak coffer Estimate: ¬£80-120
#gorringes #auction #antiques #collectables #coffer {{URL}}" 
"427","Rare Ivory British 232 Telephone (1956). In this era 99.9% of all phones were black Bakelite {{MENTION}} {{URL}}" 
"428","Issues with my package deliveries from the {{MENTION}}. Countless occasions my package has being delivered to a similar/ wrong address.  Left notes &amp; spoke with the delivery person to help with this issue. Todays package was just left on top of the community mailbox {{MENTION}}" 
"429","Just arrived!! New Mammoth Ivory Carvings  {{URL}}" 
"430","Each of us is carving a stone, erecting a column, or cutting a piece of stained glass in the construction of something much bigger than ourselves.
Buy And Get Offer: {{URL}}

#ivoryandart #decor #homedecor #interior #house #decoration #homesweethome #homedesign {{URL}}" 
"431","A Japanese Ivory netsuke, c. 1900, Meiji Period. #japanese #ivory #netuke #meiji {{URL}} {{URL}}" 
"432","{{MENTION}} Constraints enable creativity." 
"433","Any keen writers will appreciate lot 189 featured in day 1 of our Oxford Library Sale. This striking 18th century Italian rosewood &amp; ivory writing slope features finely engraved panels depicting figural &amp; hunting subjects (est:¬£500 - ¬£800). Pre-register at {{URL}} {{URL}}" 
"434","Buddha carving from ivory mammoth {{URL}}" 
"435","Legal Mammoth Ivory Carvings ‚Äì Fishing on a Boat in The sea

This beautiful piece of mammoth ivory has been carved as a fishing scene.

#ivory #mammothivory #fishing #sculpture #masterpiece #Passion #artwork {{URL}}" 
"436","Stunning high quality mammoth ivory carving of a family of monkeys laid on teak wood
{{URL}} {{URL}}" 
"437","New items in cabinet 124 #astraantiquescentre #victorian #doll #silver #medal #Georgian #ivory {{URL}}" 
"438","Mammoth Ivory Figurine ‚Äì Saint Joseph Holding Baby Jesus

Special Offer: {{URL}}

#saint #catholicism #catholic #christianity #joseph #dun #jenna #josh #tyler #jishwa #jennajoseph #tyjo #skeletonclique #clique #joshuadun #regionalatbest #joshler #blurryface {{URL}}" 
"439","{{MENTION}} Compare that with the antique trade still buying and selling Ivory and telling jumbo ""it's ok jumbo it's your grandfathers tusks not your brothers....honest!" 
"440","18th century #ivory crucifix from #TheMet, illegal to buy, sell or POSSESS under hb227 in CT #gunrights #infowars {{URL}}" 
"441","{{URL}} - Photoshoot Mammoth Ivory Carvings" 
"442","March Estate Art, Antique, Maritime &amp; Modern Design TIMED ONLINE Auction - {{URL}} {{URL}}" 
"443","#walrus #ivory conchpins #handcarved by #jamiethibault 6g #plugs #tunnels #conch #jewelry #handmade #novascotia #NS {{URL}}" 
"444","Take a look at this amazing Mammoth Ivory Netsuke {{URL}}" 
"445","I can be a bitch, too, if I try to be" 
"446","Mystic Ivory Pearl Chalcedony Earrings, 14kt Gold Filled Wire Wrapped by DesignsbyCher {{URL}} via {{MENTION}} #handmade #gemstone #dewdrop #marquise #designsbycher" 
"447","I'm sooo not looking forward to getting up for work tomorrowwww - cant wait for this thing to work! {{URL}}" 
"448","New Acquisitions - Fantastic Pair Art Deco bronze &amp; Ivory figures #artdeco #bronze #ivory {{URL}} {{URL}}" 
"449","RT {{MENTION}}: Ingersoll Rand 261 3/4"" Super Duty Impact Wrench . Almost New. Used One Time {{URL}} {{URL}}" 
"450","When you're between 1% and 2% compound monthly growth it doesn't feel as good as it used to.

It might be a stretch to call it a struggle. You're likely still growing faster than most established businesses your size.

But you rarely see other SaaS founders sharing those numbers." 
"451","We have lovely Ladies items for everyone and I mean everyone. Stop by and see us or call. 419 CCPkwy Cape Coral Fl. {{URL}}" 
"452","OGP The latest from {{MENTION}}
OGP member's collections
- A 6240g ivory carving statue of Buddha
- A Chinese scholar's rock - Sardonyx (Collector: Master Zhou Changxing)
- A brilliant green enamel vase with elephant handles, Qianlong seal mark
{{URL}} {{URL}}" 
"453","Two Governor Mississippi Bill Allain 1980s Political Campaign Tokens Democratic {{URL}} {{URL}}" 
"454","Break up to break out and break through!
This is where love and light meets shadow work. This shit can be easier and you can be happyAF. {{URL}}" 
"455","Coconut and ivory pot {{URL}} {{URL}}" 
"456","Early XX century #sculpture by #Moreau.
#vintage #modern #vintageshop #deco #decoration #ElRastro #Madrid #style #instadecor #instaantiques #interior #design #inspiration #interiors #homedecor #antiquesdealersofinstagram #antiqueshop #art {{URL}}" 
"457","{{MENTION}} To me it‚Äôs more about what Freud calls the narcissism of small differences. We can debate how stupid her comment is. We can‚Äôt debate whether this is at all important in the grand scheme of things. It just clearly isn‚Äôt." 
"458","19th Century Meissen Figurine of Cupid Sewing Broken Heart

Buy this wonderful #MeissenPorcelainSculpture @ {{URL}}

#Ivoryandart #art #sculpture #sculptures #homedecor #homedecoration #summersale #summersales {{URL}}" 
"459","RT {{MENTION}}: abbotts been scootin around that border wall down there doing photo ops for 8 months and didnt fix this shit and its gonna h‚Ä¶" 
"460","RT {{MENTION}}: #carving #walrustusk #walrusivory #ivory #ivoryskull #handcarved #novascotia #acadian #jamiethibault  #art #inprogre ..." 
"461","Excited to share the latest addition to my #etsy shop: Vintage Floral Lidded Vegetable Bowl Multicolored Flowers Covered Serving Dish W H Grindley Co Windsor Ivory Series England PanchosPorch {{URL}} #green #panchosporch #collectiblevtg #vintagehomedeco {{URL}}" 
"462","Dieppe ivory group of Putti at play - {{URL}} #antiques #dieppe #antique {{URL}}" 
"463","Note to self - don't start going all crazy with the scissors until the 2nd cup of tea ü§¶‚Äç‚ôÄÔ∏è {{URL}}" 
"464","Just arrived!! New Mammoth Ivory Carvings  {{URL}}" 
"465","Going running yeah for workout" 
"466","RT {{MENTION}}: Join us on 02/08. Learn how #ComputerVision is transforming the world. Register for free: {{URL}}

{{MENTION}}‚Ä¶" 
"467","#Auction Lot 257 - A rare carved Indian ivory chandelier in the manner of Philipp Perron #Chandelier #antiques {{URL}}" 
"468","{{MENTION}} I read a story recently about when he asked you and  {{MENTION}}  to captain the team at Smitty‚Äôs dive bar on Grand in Oakland over shots. Would‚Äôve loved to have been a fly on that wall." 
"469","Adams brings us 3 wonderfully detailed #scrimshaw new to gallery done on ancient walrus ivory. For sale on website. {{URL}}" 
"470","#ABGT203 Another great start! And another commute that just got better. #fanforlife 12 years and counting!" 
"471","{{MENTION}} {{MENTION}} Yes!  Liberal Arts is a great foundation for entrepreneurism.  Thank you {{MENTION}}." 
"472","Excited to share the latest addition to my #etsy  #etsyjewelry  #etsycanada shop: #Vintage #DoorKnockerEarrings #Cloisonn√© #SwirlEarrings #Abstract #Convertible #CrowVanity #Canada #FreeShipping #birthday #purple #christmas #pink #artdeco #christmas {{URL}} {{URL}}" 
"473","Holy smokes but some kind of confirmation/help ticket would be helpful" 
"474","You can buy this explicit carving of¬†Laughing Buddha Holding a Wealth Ball in his hand carefully sculpted with original mammoth ivory.

Christmas Sale Upto 20% Off
Buy Now @ {{URL}}

#MammothIvorySculpture #MammothIvory #IvoryAndArt #ChristmasSale #HolidayShopping {{URL}}" 
"475","Antiques collectors/dealers entering USA make sure your paper work is in order regarding antique items, in ivory, tortoiseshell, feathers,." 
"476","A #Japanese carved #ivory #Okimono of an egg seller from #Meiji period; the seated figure is holding an egg in his left hand for close inspection.

Sold at #auction for ¬£600 plus commission. {{URL}}" 
"477","stunning Cantonese embroidered (on verso &amp; recto) ivory silk fan lined with ostrich feathers, Lot 155 from our Fine Art &amp; Antiques sale.

Estimate: ¬£100-200

More images available in our online catalogue

#fan  #antique #chineseart #craft #chinesecraft #silkfan 
 #art #auction {{URL}}" 
"478","Free &amp; easy for most= ""KINDNESS"" {{URL}}" 
"479","Late Victorian mahogany &amp; fruitwood travelling chess board with ivory chess pieces,c1890....{{URL}} #antiques #Chess #boardgames #Victorian #giftsforhim #giftideas #gamespeopleplay #games #chessboard #CHECKMATE #birthdaygift {{URL}}" 
"480","Here's the bad guys, not antique and gun collectors. #saveelephants #gunrights #2ndamendment #intlforestday #ivory {{URL}}" 
"481","{{MENTION}} some new stock in just in time for fair #silver #ww1 #georgjensen #ivory #shooting {{URL}}" 
"482","Read ""Stephen King Revisited"" by {{MENTION}} for FREE here: {{URL}} -- {{URL}}" 
"483","Mammoth Ivory Masterpiece ‚Äì Three Cats in A basket {{URL}}" 
"484","Sculpture of Man With Baskets in Mammoth Ivory

Buy this wonderful #Sculpture @ {{URL}}

#Ivoryandart #art #sculpture #sculptures #homedecor #homedecoration #summersale #summersales {{URL}}" 
"485","Vintage Complete Works of William Shakespeare 1940's, with Tem by IvoryAnnHome  {{URL}} via {{MENTION}}" 
"486","For Chess fans and fans of the Queens Gambit this Anglo-Indian ebony and ivory inlaid chess table is a highlight piece in our Traditional Home sale on 23 January, 10am. With an estimate of ¬£800-¬£1200 this is certainly not an item to be missed.
{{URL}} {{URL}}" 
"487","{{MENTION}} experienced grapefruit flavor and disappointed not to get it again in our next pack. Is this real?! So much better than orange!" 
"488","one person followed me and one person unfollowed me // automatically checked by {{URL}}" 
"489","Specialists with the appropriate knowledge are able to judge whether an item was made in an earlier era‚Äù. BADA has therefore proposed ‚Äúthird-party verification for carvings or items comprising mainly ivory

{{URL}} {{URL}}" 
"490","We have a treasure chest of new and exciting goodies! This Antiqued French Candelabra is heavily distressed to reveal the layers of age in a beautiful patina of grey, gold and ivory. {{URL}} {{URL}}" 
"491","RT {{MENTION}}: Why tolling on Chciago's Lake Shore Drive is a BAD idea:  {{URL}}" 
"492","{{MENTION}} This is now my favorite chain on Twitter {{URL}}" 
"493","Stunning Hand Carved mammoth Ivory carving of a family of rabbits eating carrots.
{{URL}} {{URL}}" 
"494","Describing a C14th #Mameluke ivory and wood panel to my guest at {{MENTION}} #Islamicart week private view launch night #history #islamic #art {{URL}}" 
"495","Kandy Korn! :) {{URL}}" 
"496","Look at this exotic yet outlandish work of¬†Geisa carefully sculpted with original mammoth ivory.

New Year Sale Upto 20% Off
Buy Now @ {{URL}}

#MammothIvorySculpture #MammothIvory #IvoryAndArt #NewYearSale #HolidayShopping {{URL}}" 
"497","{{MENTION}} Just show up one time like ""sup""? Might get them to take you off the list" 
"498","Vintage Wood Bottle Opener ""Cronies"" Eclipse Knitting Mills New York Broadway NY Advertising Textile Company {{URL}} {{URL}}" 
"499","Big #Midcentury bone veneered #box.
#decoration #style {{URL}}" 
"500","Carrington &amp; Co. London - A 19th century Rosewood and etched ivory cased eight day mantel timepiece, lot 200 inour weekly sale, est ¬£400-¬£600 #antiques #clocks #auction #Lewes {{URL}}" 
"501","On a date with a hot woman." 
"502","RT {{MENTION}}: Painter + educator Alma Thomas in her DC home studio, 1530 15th St., NW, in 1971 [via {{MENTION}}]: {{URL}}" 
"503","New stock: #VintageAfrican #WarMask #Guere #IvoryCoast #AfricanMask Figurine Primitive Carving Sculpture Wooden Primitive #TribalArt c1950-60's EVE {{URL}} A massive evolving inventory of African art in store. Buy direct through our website and save! {{URL}}" 
"504","Mammoth Ivory Tusk- The Bears

Tranquil, peaceful, beautiful and utterly unique are all words that describe this mammoth ivory tusk carving. 

{{URL}}

#animal #bears #legalmammothivory #MammothivoryTusk #tusk {{URL}}" 
"505","Eventually, Committee 1 of CITES approved by consensus the idea of the Secretariat conducting a study on the extent of mammoth ivory acting as a cover for banned elephant ivory. It was the CITES powers giving Israel a polite way to save itself from an embarrassing defeat." 
"506","An unusual and fine Indian miniature on ivory, c. 1880.
{{URL}} #indian #miniature #ivory #antique {{URL}}" 
"507","{{MENTION}} so wait... her daughter was less than a year old when ""The mother-daughter duo first launched Pixie‚Äôs Bows in 2011""?" 
"508","{{MENTION}} send me a pic of it" 
"509","Preparing the photoshoot for our Mammoth ivory carvings!" 
"510","RT {{MENTION}}: Alta Magazine is pleased to support {{MENTION}} + {{MENTION}}, a nonprofit organization dedicated to supporting under-resource‚Ä¶" 
"511","Here is the ivory panel and the information provided in the gallery {{URL}}" 
"512","Harvard Law Record opposes crazy MA ban on antique ivory {{URL}} 
{{MENTION}} 
{{MENTION}} {{MENTION}} #gunrights" 
"513","Our silver collection is approaching 500 products including many pieces of silver cutlery. Two examples... Edward VII silver ferruled and ivory handled dessert knives and forks &amp; Georgian, George III, silver &amp; mother of pearl dessert knives &amp; forks. {{URL}} {{URL}}" 
"514","Vintage Carborundum Razor Honing Sharpening Stone in Leather Pouch Case Niagara Falls NY Abrasives Hone {{URL}} {{URL}}" 
"515","The new Krasnogorsk 3 should be here in a month or two straight from Russia. I have always wanted to shoot on 16mm film. More updates soon." 
"516","{{MENTION}} {{MENTION}} I ‚ù§Ô∏è Cody but I 100% approve of this decision" 
"517","Coming up in our 1st October Fine Arts Sale: An early 17th century depiction of Christ crucified carved in ivory, circa 1600 - 1625.
.
.
Finely carved with polychrome painted hair and‚Ä¶ {{URL}}" 
"518","#Mazzega #Murano #glass #sconce, #Italy #70s
#vintage #modern #vintageshop #deco #decoration #ElRastro #Madrid #style #instadecor #instaantiques #interior #design #inspiration #interiors #homedecor #antiquesdealersofinstagram #antiqueshop #art {{URL}}" 
"519","Rosenthal Continental Sanssouci Soup Bowl and Under Plate Ivory Rose Pastorale Double Handled {{URL}}" 
"520","Used Vietnam US Army 7th Infantry Division Subdued Patch U.S. Military {{URL}} {{URL}}" 
"521","Nine oval miniature on ivory portrait paintings of prominent colonial-era Americans ... - {{URL}} {{URL}}" 
"522","This outstanding Netsuke made of 100% genuine Mammoth ivory Tusk &amp; made out from the best grade of mammoth ivory tusk.

{{URL}}

#monkeys #elephant #ivory #collection #tusk {{URL}}" 
"523","78330: Severe Weather Statement issued November 22 at 8:17PM CST until November 22 at 8:45PM CST by NWS Corpus Christ {{URL}}" 
"524","Some more teapots have made their way into our conservation studio! They have been cleaned and polished using conservation grade methods and materials. Careful consideration is taken when working with objects that have natural materials such as wood and ivory components. {{URL}}" 
"525","{{MENTION}} Would you consider adding an RSS feed?" 
"526","New pieces of #scrimshaw from Judge arrived today &amp; they are fantastic. Both large chunks of ancient mammoth ivory. {{URL}}" 
"527","xmas morning with Halo and she not in the mood. üéÑüê∂ {{URL}}" 
"528","This Figurine is made of 100% genuine Mammoth Ivory Tusk. The extinct woolly Mammoth roamed the earth before 10,000-40,000 years ago. Today we can found Mammoth ivory tusk in the arctic regions like Siberia in Russia.
More Details: {{URL}}
#virgin #malaysianhair {{URL}}" 
"529","A set of african wood #sculpture heads.
#vintage #modern #vintageshop #deco #decoration #ElRastro #Madrid #style #instadecor #instaantiques #interior #design #inspiration #interiors #homedecor #antiquesdealersofinstagram #antiqueshop #art {{URL}}" 
"530","BIG news. Congratulations to the newly expanded {{MENTION}} team! {{URL}}" 
"531","RT {{MENTION}}: Web 3.0 was clearly rushed, there's so many bugs. All we needed were higher quality cat videos and expanded pronoun manage‚Ä¶" 
"532","Goa ivory, 18th century, 11,5 cm {{URL}}" 
"533","Sculpture of Man With Baskets in Mammoth Ivory

Offer Link: {{URL}}

#Ivoryandart #art #sculpture #sculptures #homedecor #homedecoration #summersale #summersales {{URL}}" 
"534","Mammoth Ivory Netsuke ‚Äì Monkey Sitting on Horse Back

Special Offer Link: {{URL}}
.
.
.
 #antique #netsuke #antiquenetsuke #ivorynetsuke #antiqueivory #hare #netsukeivory #ivoryhare #japanantique #Áü≥Â∑ù #Ishikawa #meijiperiod #meijinetsuke #theharewithambereyes {{URL}}" 
"535","Mammoth ivory website under construction!!" 
"536","Item of the day - Rare Pair Antique Asian Ivory &amp; Ebony Erotic Game Counters 19h C. {{URL}} {{URL}}" 
"537","Mammoth Ivory Showroom! {{URL}}" 
"538","19TH CENTURY HAND PAINTED MINIATURE PORTRAIT ON IVORY BY OLGA PERIN {{URL}}" 
"539","Opening a coin laundry dedicated to only accepting them Madam Maya Angelou‚Äôs??" 
"540","{{MENTION}} {{MENTION}} sounds like we need to relaunch mEgo portable profiles :-) {{URL}}" 
"541","Is this thing on?" 
"542","Mammoth Ivory Masterpiece Netsuke ‚Äì Tiger &amp; a Crab

Link: {{URL}}

#Ivoryandart #art #sculpture #sculptures #homedecor #homedecoration #summersale #summersales {{URL}}" 
"543","Amazing Mammoth Ivory Carving for Sale.  {{URL}}" 
